Country,Year,population,Country_ID,latitude,longitude,GDP,TotalGDP
Albania,2018,2866376,AL,41.15333,20.16833,15337000000.0,330104000000.0
Algeria,2018,42505035,DZ,28.03389,1.65963,194507000000.0,3145938000000.0
Angola,2018,31297155,AO,-11.20269,17.87389,114189000000.0,1439229000000.0
Argentina,2018,44654882,AR,-38.4161,-63.61667,524431000000.0,8094978000000.0
Australia,2018,24963258,AU,-25.2744,133.77514,1417162000000.0,22874963000000.0
Austria,2018,8840521,AT,47.51623,14.55007,452787000000.0,6804768000000.0
Bangladesh,2018,163523103,BD,23.68499,90.35633,321379000000.0,6383522000000.0
Belgium,2018,11427054,BE,50.50389,4.46994,542885000000.0,8535322000000.0
Benin,2018,12383347,BJ,9.30769,2.31583,14257000000.0,284260000000.0
Bosnia and Herzegovina,2018,3387000,BA,43.91589,17.67908,20484000000.0,361674000000.0
Botswana,2018,2299141,BW,-22.32847,24.68487,17032000000.0,268304000000.0
Brazil,2018,206107261,BR,-14.235,-51.92528,1916934000000.0,27498145000000.0
Bulgaria,2018,6710798,BG,42.73388,25.48583,66318000000.0,1394653000000.0
Burkina Faso,2018,20438288,BF,12.23833,-1.56159,15916000000.0,331865000000.0
Burundi,2018,11859446,BI,-3.37306,29.91889,3037000000.0,80087000000.0
Cambodia,2018,16274522,KH,12.56568,104.99096,33181000000.0,630254000000.0
Cameroon,2018,24806383,CM,7.36972,12.35472,39992000000.0,716538000000.0
Canada,2018,37072620,CA,56.13037,-106.34677,1725300000000.0,28738085000000.0
Central African Republic,2018,4878657,CF,6.61111,20.93944,2280000000.0,39145000000.0
Chad,2018,16156531,TD,15.45417,18.73221,15334000000.0,245349000000.0
Chile,2018,18893191,CL,-35.67515,-71.54297,295428000000.0,4402607000000.0
Colombia,2018,49024465,CO,4.57087,-74.29733,334124000000.0,5249421000000.0
Costa Rica,2018,4957818,CR,9.74892,-83.75343,62422000000.0,1220181000000.0
Cyprus,2018,1270737,CY,35.12641,33.42986,25766000000.0,469995000000.0
Denmark,2018,5793636,DK,56.26392,9.50179,355293000000.0,5720441000000.0
Djibouti,2018,1071882,DJ,11.82514,42.59028,2913000000.0,57624000000.0
Dominican Republic,2018,10782053,DO,18.73569,-70.16265,85068000000.0,1615196000000.0
Ecuador,2018,17049547,EC,-1.83124,-78.18341,107479000000.0,1608553000000.0
El Salvador,2018,6219807,SV,13.79419,-88.89653,26021000000.0,456899000000.0
Finland,2018,5515525,FI,61.92411,25.74815,273993000000.0,3972166000000.0
France,2018,67158348,FR,46.22764,2.21375,2782838000000.0,41002981000000.0
Gabon,2018,2212318,GA,-0.80369,11.60944,16830000000.0,263455000000.0
Georgia,2018,3726549,GE,42.31541,43.35689,17905000000.0,399577000000.0
Germany,2018,82905782,DE,51.16569,10.45153,4053846000000.0,60635461000000.0
Ghana,2018,30637585,GH,7.94653,-1.02319,67259000000.0,1130811000000.0
Greece,2018,10732882,GR,39.07421,21.82431,213396000000.0,3312713000000.0
Guatemala,2018,16845685,GT,15.78347,-90.23076,73331000000.0,1516710000000.0
Guinea,2018,12704774,GN,9.94559,-9.69665,11857000000.0,396065000000.0
Guyana,2018,791556,GY,4.86042,-58.93018,4788000000.0,282379000000.0
Haiti,2018,10962362,HT,18.97119,-72.28522,16454000000.0,362350000000.0
Hungary,2018,9706964,HU,47.16249,19.5033,161185000000.0,2941004000000.0
Iceland,2018,352721,IS,64.96305,-19.02084,26261000000.0,453247000000.0
India,2018,1374659064,IN,20.59368,78.96288,2702930000000.0,54634783000000.0
Indonesia,2018,269951846,ID,-0.78928,113.92133,1042272000000.0,18868855000000.0
Ireland,2018,4898022,IE,53.41291,-8.24389,395641000000.0,7430812000000.0
Israel,2018,8882800,IL,31.04605,34.85161,376301000000.0,7183975000000.0
Italy,2018,60148658,IT,41.87194,12.56738,2100387000000.0,30602465000000.0
Jamaica,2018,2820097,JM,18.10958,-77.29751,15648000000.0,256804000000.0
Japan,2018,126811000,JP,36.20482,138.25292,5040881000000.0,60365542000000.0
Jordan,2018,10462306,JO,30.58516,36.23841,43432000000.0,718597000000.0
Kenya,2018,50207107,KE,-0.02356,37.90619,92211000000.0,1591969000000.0
Kuwait,2018,4323515,KW,29.31166,47.48177,138655000000.0,2045067000000.0
Lebanon,2018,5984119,LB,33.85472,35.86229,54900000000.0,227221000000.0
Liberia,2018,4944726,LR,6.42806,-9.4295,3264000000.0,62652000000.0
Libya,2018,6849055,LY,26.3351,17.22833,76682000000.0,666655000000.0
Luxembourg,2018,607950,LU,49.81527,6.12958,71118000000.0,1206161000000.0
Malawi,2018,18528081,MW,-13.25431,34.30153,9882000000.0,178493000000.0
Malaysia,2018,32910967,MY,4.21048,101.97577,358783000000.0,5785875000000.0
Maldives,2018,473099,MV,3.20278,73.22068,5398000000.0,93180000000.0
Mali,2018,20442030,ML,17.57069,-3.99617,17079000000.0,300793000000.0
Malta,2018,483903,MT,35.9375,14.37542,16161000000.0,315252000000.0
Mauritius,2018,1265577,MU,-20.3484,57.55215,14736000000.0,203318000000.0
Mongolia,2018,3208189,MN,46.8625,103.84666,13207000000.0,304365000000.0
Montenegro,2018,626438,ME,42.70868,19.37439,5509000000.0,102738000000.0
Morocco,2018,35839760,MA,31.7917,-7.09262,127341000000.0,2115935000000.0
Myanmar,2018,52272247,MM,21.91397,95.95622,67051000000.0,926613000000.0
Nepal,2018,28079689,NP,28.39486,84.12401,33112000000.0,610305000000.0
New Zealand,2018,4900600,NZ,-40.90056,174.88597,209747000000.0,3297361000000.0
Niger,2018,22188069,NE,17.60779,8.08167,12814000000.0,270733000000.0
Nigeria,2018,204938755,NG,9.082,8.67528,421739000000.0,4188443000000.0
Norway,2018,5311916,NO,60.47202,8.46895,439789000000.0,6565710000000.0
Oman,2018,4597877,OM,21.51258,55.92326,91506000000.0,1369552000000.0
Pakistan,2018,226928892,PK,30.37532,69.34512,356163000000.0,2411807000000.0
Panama,2018,4167860,PA,8.53798,-80.78213,67294000000.0,1149853000000.0
Paraguay,2018,6427382,PY,-23.4425,-58.44383,40225000000.0,596614000000.0
Peru,2018,31897584,PE,-9.18997,-75.01515,227583000000.0,3743448000000.0
Philippines,2018,109465287,PH,12.87972,121.77402,346842000000.0,6496060000000.0
Portugal,2018,10283822,PT,39.39987,-8.22445,242203000000.0,3952501000000.0
Qatar,2018,2580734,QA,25.35483,51.18388,183335000000.0,2909267000000.0
Romania,2018,19473970,RO,45.94316,24.96676,243651000000.0,4831843000000.0
Saudi Arabia,2018,30196281,SA,23.88594,45.07916,846584000000.0,13866012000000.0
Senegal,2018,15914498,SN,14.4974,-14.45236,23127000000.0,436120000000.0
Seychelles,2018,96762,SC,-4.67957,55.49198,1777000000.0,27628000000.0
Sierra Leone,2018,7554563,SL,8.46056,-11.77989,6390000000.0,104391000000.0
Singapore,2018,5638676,SG,1.35208,103.81984,377124000000.0,6868048000000.0
Somalia,2018,15452487,SO,5.15215,46.19962,7873000000.0,165414000000.0
South Africa,2018,58613001,ZA,-30.55948,22.93751,405093000000.0,5432048000000.0
Spain,2018,46782011,ES,40.46367,-3.74922,1432292000000.0,22380822000000.0
Sri Lanka,2018,21670000,LK,7.87305,80.7718,94484000000.0,613683000000.0
Sudan,2018,44230596,SD,12.86281,30.21764,33590000000.0,496079000000.0
Sweden,2018,10175214,SE,60.12816,18.6435,551312000000.0,8187067000000.0
Switzerland,2018,8514329,CH,46.81819,8.22751,725910000000.0,11981294000000.0
Thailand,2018,71376079,TH,15.87003,100.99254,506754000000.0,7122497000000.0
Togo,2018,8258778,TG,8.61954,0.82478,7033000000.0,129364000000.0
Tunisia,2018,11765514,TN,33.88692,9.5375,42687000000.0,676775000000.0
Uganda,2018,41565831,UG,1.37333,32.29028,34126000000.0,808885000000.0
Ukraine,2018,45208907,UA,48.37943,31.16558,130905000000.0,2633063000000.0
United Arab Emirates,2018,9346701,AE,23.42408,53.84782,427049000000.0,6990436000000.0
United Kingdom,2018,66289000,GB,55.37805,-3.43597,2875024000000.0,47946865000000.0
United States,2018,328529577,US,37.09024,-95.71289,20656525000000.0,372518938000000.0
Uruguay,2018,3394534,UY,-32.52278,-55.76584,65370000000.0,1030856000000.0
Zambia,2018,17973569,ZM,-13.1339,27.84933,26312000000.0,417660000000.0
Zimbabwe,2018,15034452,ZW,-19.01544,29.15486,36922000000.0,478978000000.0
Albania,2019,2854191,AL,41.15333,20.16833,15582000000.0,330104000000.0
Algeria,2019,43294546,DZ,28.03389,1.65963,193361000000.0,3145938000000.0
Angola,2019,32375632,AO,-11.20269,17.87389,94671000000.0,1439229000000.0
Argentina,2019,44973465,AR,-38.4161,-63.61667,446762000000.0,8094978000000.0
Australia,2019,25334826,AU,-25.2744,133.77514,1386277000000.0,22874963000000.0
Austria,2019,8879920,AT,47.51623,14.55007,443033000000.0,6804768000000.0
Bangladesh,2019,164913055,BD,23.68499,90.35633,351238000000.0,6383522000000.0
Belgium,2019,11488980,BE,50.50389,4.46994,536787000000.0,8535322000000.0
Benin,2019,12726755,BJ,9.30769,2.31583,14392000000.0,284260000000.0
Bosnia and Herzegovina,2019,3345533,BA,43.91589,17.67908,20483000000.0,361674000000.0
Botswana,2019,2332083,BW,-22.32847,24.68487,16696000000.0,268304000000.0
Brazil,2019,207455459,BR,-14.235,-51.92528,1873286000000.0,27498145000000.0
Bulgaria,2019,6616726,BG,42.73388,25.48583,68639000000.0,1394653000000.0
Burkina Faso,2019,20961952,BF,12.23833,-1.56159,16092000000.0,331865000000.0
Burundi,2019,12255336,BI,-3.37306,29.91889,3009000000.0,80087000000.0
Cambodia,2019,16481304,KH,12.56568,104.99096,36682000000.0,630254000000.0
Cameroon,2019,25506095,CM,7.36972,12.35472,39673000000.0,716538000000.0
Canada,2019,37618495,CA,56.13037,-106.34677,1743725000000.0,28738085000000.0
Central African Republic,2019,4944703,CF,6.61111,20.93944,2279000000.0,39145000000.0
Chad,2019,16685223,TD,15.45417,18.73221,14906000000.0,245349000000.0
Chile,2019,19197744,CL,-35.67515,-71.54297,278040000000.0,4402607000000.0
Colombia,2019,49907985,CO,4.57087,-74.29733,323055000000.0,5249421000000.0
Costa Rica,2019,4999553,CR,9.74892,-83.75343,64412000000.0,1220181000000.0
Cyprus,2019,1286671,CY,35.12641,33.42986,26200000000.0,469995000000.0
Denmark,2019,5814422,DK,56.26392,9.50179,345402000000.0,5720441000000.0
Djibouti,2019,1088709,DJ,11.82514,42.59028,3089000000.0,57624000000.0
Dominican Republic,2019,10894043,DO,18.73569,-70.16265,89237000000.0,1615196000000.0
Ecuador,2019,17340021,EC,-1.83124,-78.18341,107596000000.0,1608553000000.0
El Salvador,2019,6222318,SV,13.79419,-88.89653,26881000000.0,456899000000.0
Finland,2019,5521606,FI,61.92411,25.74815,267044000000.0,3972166000000.0
France,2019,67382061,FR,46.22764,2.21375,2723094000000.0,41002981000000.0
Gabon,2019,2267706,GA,-0.80369,11.60944,16875000000.0,263455000000.0
Georgia,2019,3720161,GE,42.31541,43.35689,17645000000.0,399577000000.0
Germany,2019,83092962,DE,51.16569,10.45153,3957645000000.0,60635461000000.0
Ghana,2019,31258945,GH,7.94653,-1.02319,68353000000.0,1130811000000.0
Greece,2019,10721582,GR,39.07421,21.82431,207329000000.0,3312713000000.0
Guatemala,2019,17103803,GT,15.78347,-90.23076,77156000000.0,1516710000000.0
Guinea,2019,13034346,GN,9.94559,-9.69665,13443000000.0,396065000000.0
Guyana,2019,807665,GY,4.86042,-58.93018,5174000000.0,282379000000.0
Haiti,2019,11105163,HT,18.97119,-72.28522,14787000000.0,362350000000.0
Hungary,2019,9694824,HU,47.16249,19.5033,164927000000.0,2941004000000.0
Iceland,2019,360563,IS,64.96305,-19.02084,24681000000.0,453247000000.0
India,2019,1389030312,IN,20.59368,78.96288,2835606000000.0,54634783000000.0
Indonesia,2019,272489381,ID,-0.78928,113.92133,1119100000000.0,18868855000000.0
Ireland,2019,4976456,IE,53.41291,-8.24389,407170000000.0,7430812000000.0
Israel,2019,9054000,IL,31.04605,34.85161,400648000000.0,7183975000000.0
Italy,2019,59729081,IT,41.87194,12.56738,2019831000000.0,30602465000000.0
Jamaica,2019,2823271,JM,18.10958,-77.29751,15808000000.0,256804000000.0
Japan,2019,126633000,JP,36.20482,138.25292,5117995000000.0,60365542000000.0
Jordan,2019,10671891,JO,30.58516,36.23841,44566000000.0,718597000000.0
Kenya,2019,51202827,KE,-0.02356,37.90619,100328000000.0,1591969000000.0
Kuwait,2019,4442316,KW,29.31166,47.48177,140855000000.0,2045067000000.0
Lebanon,2019,5794594,LB,33.85472,35.86229,50928000000.0,227221000000.0
Liberia,2019,5043721,LR,6.42806,-9.4295,3080000000.0,62652000000.0
Libya,2019,6951033,LY,26.3351,17.22833,69237000000.0,666655000000.0
Luxembourg,2019,620001,LU,49.81527,6.12958,69880000000.0,1206161000000.0
Malawi,2019,19025752,MW,-13.25431,34.30153,11031000000.0,178493000000.0
Malaysia,2019,33440596,MY,4.21048,101.97577,365178000000.0,5785875000000.0
Maldives,2019,487731,MV,3.20278,73.22068,5716000000.0,93180000000.0
Mali,2019,21068405,ML,17.57069,-3.99617,17281000000.0,300793000000.0
Malta,2019,503912,MT,35.9375,14.37542,16340000000.0,315252000000.0
Mauritius,2019,1265985,MU,-20.3484,57.55215,14436000000.0,203318000000.0
Mongolia,2019,3267673,MN,46.8625,103.84666,14206000000.0,304365000000.0
Montenegro,2019,626753,ME,42.70868,19.37439,5543000000.0,102738000000.0
Morocco,2019,36210898,MA,31.7917,-7.09262,128920000000.0,2115935000000.0
Myanmar,2019,52640713,MM,21.91397,95.95622,82568000000.0,926613000000.0
Nepal,2019,28414064,NP,28.39486,84.12401,34186000000.0,610305000000.0
New Zealand,2019,4979200,NZ,-40.90056,174.88597,210995000000.0,3297361000000.0
Niger,2019,22947757,NE,17.60779,8.08167,12917000000.0,270733000000.0
Nigeria,2019,209485641,NG,9.082,8.67528,474517000000.0,4188443000000.0
Norway,2019,5347896,NO,60.47202,8.46895,408743000000.0,6565710000000.0
Oman,2019,4591241,OM,21.51258,55.92326,88061000000.0,1369552000000.0
Pakistan,2019,230800899,PK,30.37532,69.34512,321071000000.0,2411807000000.0
Panama,2019,4234700,PA,8.53798,-80.78213,69722000000.0,1149853000000.0
Paraguay,2019,6515058,PY,-23.4425,-58.44383,37925000000.0,596614000000.0
Peru,2019,32449303,PE,-9.18997,-75.01515,233004000000.0,3743448000000.0
Philippines,2019,110804683,PH,12.87972,121.77402,376823000000.0,6496060000000.0
Portugal,2019,10286263,PT,39.39987,-8.22445,240142000000.0,3952501000000.0
Qatar,2019,2638657,QA,25.35483,51.18388,176371000000.0,2909267000000.0
Romania,2019,19371648,RO,45.94316,24.96676,251652000000.0,4831843000000.0
Saudi Arabia,2019,30063799,SA,23.88594,45.07916,838565000000.0,13866012000000.0
Senegal,2019,16352922,SN,14.4974,-14.45236,23405000000.0,436120000000.0
Seychelles,2019,97625,SC,-4.67957,55.49198,1867000000.0,27628000000.0
Sierra Leone,2019,7731991,SL,8.46056,-11.77989,6519000000.0,104391000000.0
Singapore,2019,5703569,SG,1.35208,103.81984,376162000000.0,6868048000000.0
Somalia,2019,16030971,SO,5.15215,46.19962,8655000000.0,165414000000.0
South Africa,2019,59587885,ZA,-30.55948,22.93751,389245000000.0,5432048000000.0
Spain,2019,47118501,ES,40.46367,-3.74922,1403651000000.0,22380822000000.0
Sri Lanka,2019,21803000,LK,7.87305,80.7718,89015000000.0,613683000000.0
Sudan,2019,45548175,SD,12.86281,30.21764,31484000000.0,496079000000.0
Sweden,2019,10278887,SE,60.12816,18.6435,532169000000.0,8187067000000.0
Switzerland,2019,8575280,CH,46.81819,8.22751,721867000000.0,11981294000000.0
Thailand,2019,71522271,TH,15.87003,100.99254,543977000000.0,7122497000000.0
Togo,2019,8463068,TG,8.61954,0.82478,6993000000.0,129364000000.0
Tunisia,2019,11875081,TN,33.88692,9.5375,41905000000.0,676775000000.0
Uganda,2019,42999637,UG,1.37333,32.29028,37895000000.0,808885000000.0
Ukraine,2019,44957458,UA,48.37943,31.16558,153904000000.0,2633063000000.0
United Arab Emirates,2019,9445785,AE,23.42408,53.84782,417990000000.0,6990436000000.0
United Kingdom,2019,66631000,GB,55.37805,-3.43597,2853074000000.0,47946865000000.0
United States,2019,330226227,US,37.09024,-95.71289,21539975000000.0,372518938000000.0
Uruguay,2019,3397206,UY,-32.52278,-55.76584,62229000000.0,1030856000000.0
Zambia,2019,18513839,ZM,-13.1339,27.84933,23309000000.0,417660000000.0
Zimbabwe,2019,15271368,ZW,-19.01544,29.15486,26033000000.0,478978000000.0
Albania,2020,2837849,AL,41.15333,20.16833,15271000000.0,330104000000.0
Algeria,2020,44042091,DZ,28.03389,1.65963,164774000000.0,3145938000000.0
Angola,2020,33451132,AO,-11.20269,17.87389,66521000000.0,1439229000000.0
Argentina,2020,45191965,AR,-38.4161,-63.61667,385218000000.0,8094978000000.0
Australia,2020,25649248,AU,-25.2744,133.77514,1362613000000.0,22874963000000.0
Austria,2020,8916864,AT,47.51623,14.55007,434050000000.0,6804768000000.0
Bangladesh,2020,166298024,BD,23.68499,90.35633,373902000000.0,6383522000000.0
Belgium,2020,11538604,BE,50.50389,4.46994,529269000000.0,8535322000000.0
Benin,2020,13070169,BJ,9.30769,2.31583,15674000000.0,284260000000.0
Bosnia and Herzegovina,2020,3299349,BA,43.91589,17.67908,20226000000.0,361674000000.0
Botswana,2020,2365894,BW,-22.32847,24.68487,14930000000.0,268304000000.0
Brazil,2020,208660842,BR,-14.235,-51.92528,1476092000000.0,27498145000000.0
Bulgaria,2020,6550696,BG,42.73388,25.48583,70658000000.0,1394653000000.0
Burkina Faso,2020,21478690,BF,12.23833,-1.56159,17837000000.0,331865000000.0
Burundi,2020,12617036,BI,-3.37306,29.91889,3089000000.0,80087000000.0
Cambodia,2020,16725474,KH,12.56568,104.99096,34898000000.0,630254000000.0
Cameroon,2020,26210558,CM,7.36972,12.35472,40863000000.0,716538000000.0
Canada,2020,38028638,CA,56.13037,-106.34677,1655685000000.0,28738085000000.0
Central African Republic,2020,5026628,CF,6.61111,20.93944,2389000000.0,39145000000.0
Chad,2020,17224679,TD,15.45417,18.73221,14954000000.0,245349000000.0
Chile,2020,19370624,CL,-35.67515,-71.54297,254060000000.0,4402607000000.0
Colombia,2020,50629997,CO,4.57087,-74.29733,270348000000.0,5249421000000.0
Costa Rica,2020,5034320,CR,9.74892,-83.75343,62382000000.0,1220181000000.0
Cyprus,2020,1302247,CY,35.12641,33.42986,25535000000.0,469995000000.0
Denmark,2020,5831404,DK,56.26392,9.50179,355631000000.0,5720441000000.0
Djibouti,2020,1105188,DJ,11.82514,42.59028,3144000000.0,57624000000.0
Dominican Republic,2020,11008300,DO,18.73569,-70.16265,78625000000.0,1615196000000.0
Ecuador,2020,17546065,EC,-1.83124,-78.18341,95865000000.0,1608553000000.0
El Salvador,2020,6234673,SV,13.79419,-88.89653,24921000000.0,456899000000.0
Finland,2020,5529543,FI,61.92411,25.74815,269784000000.0,3972166000000.0
France,2020,67601110,FR,46.22764,2.21375,2645806000000.0,41002981000000.0
Gabon,2020,2322539,GA,-0.80369,11.60944,15364000000.0,263455000000.0
Georgia,2020,3722716,GE,42.31541,43.35689,16013000000.0,399577000000.0
Germany,2020,83160871,DE,51.16569,10.45153,3936989000000.0,60635461000000.0
Ghana,2020,31887809,GH,7.94653,-1.02319,70008000000.0,1130811000000.0
Greece,2020,10698599,GR,39.07421,21.82431,191210000000.0,3312713000000.0
Guatemala,2020,17357325,GT,15.78347,-90.23076,77718000000.0,1516710000000.0
Guinea,2020,13371183,GN,9.94559,-9.69665,14089000000.0,396065000000.0
Guyana,2020,807481,GY,4.86042,-58.93018,5471000000.0,282379000000.0
Haiti,2020,11243848,HT,18.97119,-72.28522,14508000000.0,362350000000.0
Hungary,2020,9670419,HU,47.16249,19.5033,158468000000.0,2941004000000.0
Iceland,2020,366463,IS,64.96305,-19.02084,21630000000.0,453247000000.0
India,2020,1402617695,IN,20.59368,78.96288,2674852000000.0,54634783000000.0
Indonesia,2020,274814866,ID,-0.78928,113.92133,1059055000000.0,18868855000000.0
Ireland,2020,5039747,IE,53.41291,-8.24389,436205000000.0,7430812000000.0
Israel,2020,9215100,IL,31.04605,34.85161,410771000000.0,7183975000000.0
Italy,2020,59438851,IT,41.87194,12.56738,1905956000000.0,30602465000000.0
Jamaica,2020,2830739,JM,18.10958,-77.29751,13885000000.0,256804000000.0
Japan,2020,126261000,JP,36.20482,138.25292,5054069000000.0,60365542000000.0
Jordan,2020,10865228,JO,30.58516,36.23841,43762000000.0,718597000000.0
Kenya,2020,52217334,KE,-0.02356,37.90619,100912000000.0,1591969000000.0
Kuwait,2020,4400267,KW,29.31166,47.48177,111048000000.0,2045067000000.0
Lebanon,2020,5702398,LB,33.85472,35.86229,24976000000.0,227221000000.0
Liberia,2020,5149463,LR,6.42806,-9.4295,3037000000.0,62652000000.0
Libya,2020,7045399,LY,26.3351,17.22833,46893000000.0,666655000000.0
Luxembourg,2020,630419,LU,49.81527,6.12958,73612000000.0,1206161000000.0
Malawi,2020,19533888,MW,-13.25431,34.30153,11847000000.0,178493000000.0
Malaysia,2020,33889558,MY,4.21048,101.97577,337456000000.0,5785875000000.0
Maldives,2020,502118,MV,3.20278,73.22068,3706000000.0,93180000000.0
Mali,2020,21713836,ML,17.57069,-3.99617,17491000000.0,300793000000.0
Malta,2020,515490,MT,35.9375,14.37542,16397000000.0,315252000000.0
Mauritius,2020,1266014,MU,-20.3484,57.55215,11408000000.0,203318000000.0
Mongolia,2020,3327204,MN,46.8625,103.84666,13313000000.0,304365000000.0
Montenegro,2020,626590,ME,42.70868,19.37439,4777000000.0,102738000000.0
Morocco,2020,36584208,MA,31.7917,-7.09262,121354000000.0,2115935000000.0
Myanmar,2020,53016522,MM,21.91397,95.95622,65631000000.0,926613000000.0
Nepal,2020,28966574,NP,28.39486,84.12401,33434000000.0,610305000000.0
New Zealand,2020,5090200,NZ,-40.90056,174.88597,210541000000.0,3297361000000.0
Niger,2020,23717613,NE,17.60779,8.08167,13764000000.0,270733000000.0
Nigeria,2020,213996181,NG,9.082,8.67528,432299000000.0,4188443000000.0
Norway,2020,5379475,NO,60.47202,8.46895,367633000000.0,6565710000000.0
Oman,2020,4522497,OM,21.51258,55.92326,75909000000.0,1369552000000.0
Pakistan,2020,235001746,PK,30.37532,69.34512,300410000000.0,2411807000000.0
Panama,2020,4293261,PA,8.53798,-80.78213,57087000000.0,1149853000000.0
Paraguay,2020,6603739,PY,-23.4425,-58.44383,35432000000.0,596614000000.0
Peru,2020,32838579,PE,-9.18997,-75.01515,206461000000.0,3743448000000.0
Philippines,2020,112081264,PH,12.87972,121.77402,361751000000.0,6496060000000.0
Portugal,2020,10297081,PT,39.39987,-8.22445,229435000000.0,3952501000000.0
Qatar,2020,2794148,QA,25.35483,51.18388,144411000000.0,2909267000000.0
Romania,2020,19265250,RO,45.94316,24.96676,252372000000.0,4831843000000.0
Saudi Arabia,2020,31552510,SA,23.88594,45.07916,734271000000.0,13866012000000.0
Senegal,2020,16789219,SN,14.4974,-14.45236,24534000000.0,436120000000.0
Seychelles,2020,98462,SC,-4.67957,55.49198,1384000000.0,27628000000.0
Sierra Leone,2020,7912558,SL,8.46056,-11.77989,6682000000.0,104391000000.0
Singapore,2020,5685807,SG,1.35208,103.81984,349166000000.0,6868048000000.0
Somalia,2020,16651191,SO,5.15215,46.19962,8628000000.0,165414000000.0
South Africa,2020,60562381,ZA,-30.55948,22.93751,337876000000.0,5432048000000.0
Spain,2020,47359424,ES,40.46367,-3.74922,1288751000000.0,22380822000000.0
Sri Lanka,2020,21919000,LK,7.87305,80.7718,84304000000.0,613683000000.0
Sudan,2020,46789231,SD,12.86281,30.21764,35237000000.0,496079000000.0
Sweden,2020,10353442,SE,60.12816,18.6435,545148000000.0,8187067000000.0
Switzerland,2020,8638167,CH,46.81819,8.22751,741288000000.0,11981294000000.0
Thailand,2020,71641484,TH,15.87003,100.99254,500462000000.0,7122497000000.0
Togo,2020,8669720,TG,8.61954,0.82478,7400000000.0,129364000000.0
Tunisia,2020,11974057,TN,33.88692,9.5375,42494000000.0,676775000000.0
Uganda,2020,44457152,UG,1.37333,32.29028,37889000000.0,808885000000.0
Ukraine,2020,44680014,UA,48.37943,31.16558,156566000000.0,2633063000000.0
United Arab Emirates,2020,9401038,AE,23.42408,53.84782,349473000000.0,6990436000000.0
United Kingdom,2020,66744000,GB,55.37805,-3.43597,2698705000000.0,47946865000000.0
United States,2020,331577720,US,37.09024,-95.71289,21354125000000.0,372518938000000.0
Uruguay,2020,3398968,UY,-32.52278,-55.76584,53557000000.0,1030856000000.0
Zambia,2020,19059395,ZM,-13.1339,27.84933,18138000000.0,417660000000.0
Zimbabwe,2020,15526888,ZW,-19.01544,29.15486,26878000000.0,478978000000.0
Albania,2021,2811666,AL,41.15333,20.16833,18086000000.0,330104000000.0
Algeria,2021,44761099,DZ,28.03389,1.65963,185850000000.0,3145938000000.0
Angola,2021,34532429,AO,-11.20269,17.87389,84375000000.0,1439229000000.0
Argentina,2021,45312281,AR,-38.4161,-63.61667,486040000000.0,8094978000000.0
Australia,2021,25685412,AU,-25.2744,133.77514,1655843000000.0,22874963000000.0
Austria,2021,8955797,AT,47.51623,14.55007,480786000000.0,6804768000000.0
Bangladesh,2021,167658854,BD,23.68499,90.35633,416265000000.0,6383522000000.0
Belgium,2021,11586195,BE,50.50389,4.46994,598892000000.0,8535322000000.0
Benin,2021,13413417,BJ,9.30769,2.31583,17699000000.0,284260000000.0
Bosnia and Herzegovina,2021,3244907,BA,43.91589,17.67908,23673000000.0,361674000000.0
Botswana,2021,2401441,BW,-22.32847,24.68487,18750000000.0,268304000000.0
Brazil,2021,209550294,BR,-14.235,-51.92528,1670650000000.0,27498145000000.0
Bulgaria,2021,6507301,BG,42.73388,25.48583,84477000000.0,1394653000000.0
Burkina Faso,2021,21995243,BF,12.23833,-1.56159,19747000000.0,331865000000.0
Burundi,2021,12965481,BI,-3.37306,29.91889,3356000000.0,80087000000.0
Cambodia,2021,16974305,KH,12.56568,104.99096,36797000000.0,630254000000.0
Cameroon,2021,26915758,CM,7.36972,12.35472,45036000000.0,716538000000.0
Canada,2021,38239864,CA,56.13037,-106.34677,2022382000000.0,28738085000000.0
Central African Republic,2021,5112100,CF,6.61111,20.93944,2585000000.0,39145000000.0
Chad,2021,17828273,TD,15.45417,18.73221,16881000000.0,245349000000.0
Chile,2021,19456334,CL,-35.67515,-71.54297,315411000000.0,4402607000000.0
Colombia,2021,51188173,CO,4.57087,-74.29733,318525000000.0,5249421000000.0
Costa Rica,2021,5059988,CR,9.74892,-83.75343,64954000000.0,1220181000000.0
Cyprus,2021,1317309,CY,35.12641,33.42986,30393000000.0,469995000000.0
Denmark,2021,5856733,DK,56.26392,9.50179,408378000000.0,5720441000000.0
Djibouti,2021,1121248,DJ,11.82514,42.59028,3393000000.0,57624000000.0
Dominican Republic,2021,11123476,DO,18.73569,-70.16265,95067000000.0,1615196000000.0
Ecuador,2021,17682454,EC,-1.83124,-78.18341,107179000000.0,1608553000000.0
El Salvador,2021,6255782,SV,13.79419,-88.89653,29043000000.0,456899000000.0
Finland,2021,5541017,FI,61.92411,25.74815,294419000000.0,3972166000000.0
France,2021,67842811,FR,46.22764,2.21375,2968405000000.0,41002981000000.0
Gabon,2021,2376722,GA,-0.80369,11.60944,19455000000.0,263455000000.0
Georgia,2021,3708610,GE,42.31541,43.35689,18849000000.0,399577000000.0
Germany,2021,83196078,DE,51.16569,10.45153,4351188000000.0,60635461000000.0
Ghana,2021,32518665,GH,7.94653,-1.02319,79514000000.0,1130811000000.0
Greece,2021,10569207,GR,39.07421,21.82431,218449000000.0,3312713000000.0
Guatemala,2021,17598650,GT,15.78347,-90.23076,86467000000.0,1516710000000.0
Guinea,2021,13710513,GN,9.94559,-9.69665,16320000000.0,396065000000.0
Guyana,2021,815482,GY,4.86042,-58.93018,8041000000.0,282379000000.0
Haiti,2021,11374586,HT,18.97119,-72.28522,21017000000.0,362350000000.0
Hungary,2021,9630932,HU,47.16249,19.5033,183283000000.0,2941004000000.0
Iceland,2021,372520,IS,64.96305,-19.02084,25770000000.0,453247000000.0
India,2021,1414203896,IN,20.59368,78.96288,3167271000000.0,54634783000000.0
Indonesia,2021,276758053,ID,-0.78928,113.92133,1186510000000.0,18868855000000.0
Ireland,2021,5110585,IE,53.41291,-8.24389,531660000000.0,7430812000000.0
Israel,2021,9371400,IL,31.04605,34.85161,489854000000.0,7183975000000.0
Italy,2021,59133173,IT,41.87194,12.56738,2180656000000.0,30602465000000.0
Jamaica,2021,2837682,JM,18.10958,-77.29751,14674000000.0,256804000000.0
Japan,2021,125681593,JP,36.20482,138.25292,5039148000000.0,60365542000000.0
Jordan,2021,11066356,JO,30.58516,36.23841,46362000000.0,718597000000.0
Kenya,2021,53219166,KE,-0.02356,37.90619,109875000000.0,1591969000000.0
Kuwait,2021,4360865,KW,29.31166,47.48177,148455000000.0,2045067000000.0
Lebanon,2021,5718122,LB,33.85472,35.86229,19782000000.0,227221000000.0
Liberia,2021,5259323,LR,6.42806,-9.4295,3509000000.0,62652000000.0
Libya,2021,7135175,LY,26.3351,17.22833,35216000000.0,666655000000.0
Luxembourg,2021,640064,LU,49.81527,6.12958,86444000000.0,1206161000000.0
Malawi,2021,20047258,MW,-13.25431,34.30153,12475000000.0,178493000000.0
Malaysia,2021,34282399,MY,4.21048,101.97577,373785000000.0,5785875000000.0
Maldives,2021,516154,MV,3.20278,73.22068,5242000000.0,93180000000.0
Mali,2021,22388630,ML,17.57069,-3.99617,19320000000.0,300793000000.0
Malta,2021,518150,MT,35.9375,14.37542,19737000000.0,315252000000.0
Mauritius,2021,1266334,MU,-20.3484,57.55215,11484000000.0,203318000000.0
Mongolia,2021,3383741,MN,46.8625,103.84666,15286000000.0,304365000000.0
Montenegro,2021,625053,ME,42.70868,19.37439,5865000000.0,102738000000.0
Morocco,2021,36954442,MA,31.7917,-7.09262,142022000000.0,2115935000000.0
Myanmar,2021,53387102,MM,21.91397,95.95622,58264000000.0,926613000000.0
Nepal,2021,29475010,NP,28.39486,84.12401,36927000000.0,610305000000.0
New Zealand,2021,5111300,NZ,-40.90056,174.88597,249775000000.0,3297361000000.0
Niger,2021,24502140,NE,17.60779,8.08167,14923000000.0,270733000000.0
Nigeria,2021,218529286,NG,9.082,8.67528,441074000000.0,4188443000000.0
Norway,2021,5408320,NO,60.47202,8.46895,503368000000.0,6565710000000.0
Oman,2021,4500424,OM,21.51258,55.92326,87324000000.0,1369552000000.0
Pakistan,2021,239477801,PK,30.37532,69.34512,348481000000.0,2411807000000.0
Panama,2021,4345405,PA,8.53798,-80.78213,67407000000.0,1149853000000.0
Paraguay,2021,6684182,PY,-23.4425,-58.44383,39951000000.0,596614000000.0
Peru,2021,33155882,PE,-9.18997,-75.01515,226268000000.0,3743448000000.0
Philippines,2021,113100950,PH,12.87972,121.77402,394087000000.0,6496060000000.0
Portugal,2021,10361831,PT,39.39987,-8.22445,256226000000.0,3952501000000.0
Qatar,2021,2504910,QA,25.35483,51.18388,179732000000.0,2909267000000.0
Romania,2021,19122059,RO,45.94316,24.96676,286783000000.0,4831843000000.0
Saudi Arabia,2021,30784383,SA,23.88594,45.07916,874157000000.0,13866012000000.0
Senegal,2021,17220867,SN,14.4974,-14.45236,27584000000.0,436120000000.0
Seychelles,2021,99258,SC,-4.67957,55.49198,1490000000.0,27628000000.0
Sierra Leone,2021,8094602,SL,8.46056,-11.77989,7165000000.0,104391000000.0
Singapore,2021,5453566,SG,1.35208,103.81984,436591000000.0,6868048000000.0
Somalia,2021,17271431,SO,5.15215,46.19962,9484000000.0,165414000000.0
South Africa,2021,61502603,ZA,-30.55948,22.93751,420778000000.0,5432048000000.0
Spain,2021,47443821,ES,40.46367,-3.74922,1462216000000.0,22380822000000.0
Sri Lanka,2021,22156000,LK,7.87305,80.7718,88609000000.0,613683000000.0
Sudan,2021,48066924,SD,12.86281,30.21764,35142000000.0,496079000000.0
Sweden,2021,10415811,SE,60.12816,18.6435,637187000000.0,8187067000000.0
Switzerland,2021,8704546,CH,46.81819,8.22751,814699000000.0,11981294000000.0
Thailand,2021,71727332,TH,15.87003,100.99254,506195000000.0,7122497000000.0
Togo,2021,8878379,TG,8.61954,0.82478,8338000000.0,129364000000.0
Tunisia,2021,12048622,TN,33.88692,9.5375,46813000000.0,676775000000.0
Uganda,2021,45910930,UG,1.37333,32.29028,42805000000.0,808885000000.0
Ukraine,2021,44298640,UA,48.37943,31.16558,199835000000.0,2633063000000.0
United Arab Emirates,2021,9575152,AE,23.42408,53.84782,415179000000.0,6990436000000.0
United Kingdom,2021,66984000,GB,55.37805,-3.43597,3144079000000.0,47946865000000.0
United States,2021,332099760,US,37.09024,-95.71289,23681175000000.0,372518938000000.0
Uruguay,2021,3396695,UY,-32.52278,-55.76584,60742000000.0,1030856000000.0
Zambia,2021,19603607,ZM,-13.1339,27.84933,22096000000.0,417660000000.0
Zimbabwe,2021,15797210,ZW,-19.01544,29.15486,36016000000.0,478978000000.0
Albania,2022,2777689,AL,41.15333,20.16833,19185000000.0,330104000000.0
Algeria,2022,45477389,DZ,28.03389,1.65963,225709000000.0,3145938000000.0
Angola,2022,35635029,AO,-11.20269,17.87389,142442000000.0,1439229000000.0
Argentina,2022,45407904,AR,-38.4161,-63.61667,632318000000.0,8094978000000.0
Australia,2022,26014399,AU,-25.2744,133.77514,1725461000000.0,22874963000000.0
Austria,2022,9041851,AT,47.51623,14.55007,472339000000.0,6804768000000.0
Bangladesh,2022,169384897,BD,23.68499,90.35633,460201000000.0,6383522000000.0
Belgium,2022,11680210,BE,50.50389,4.46994,593906000000.0,8535322000000.0
Benin,2022,13759501,BJ,9.30769,2.31583,17439000000.0,284260000000.0
Bosnia and Herzegovina,2022,3204802,BA,43.91589,17.67908,24535000000.0,361674000000.0
Botswana,2022,2439892,BW,-22.32847,24.68487,20321000000.0,268304000000.0
Brazil,2022,210306415,BR,-14.235,-51.92528,1951849000000.0,27498145000000.0
Bulgaria,2022,6465097,BG,42.73388,25.48583,90719000000.0,1394653000000.0
Burkina Faso,2022,22509038,BF,12.23833,-1.56159,19588000000.0,331865000000.0
Burundi,2022,13321097,BI,-3.37306,29.91889,3922000000.0,80087000000.0
Cambodia,2022,17201724,KH,12.56568,104.99096,39838000000.0,630254000000.0
Cameroon,2022,27632771,CM,7.36972,12.35472,44442000000.0,716538000000.0
Canada,2022,38935934,CA,56.13037,-106.34677,2190411000000.0,28738085000000.0
Central African Republic,2022,5098039,CF,6.61111,20.93944,2460000000.0,39145000000.0
Chad,2022,18455316,TD,15.45417,18.73221,17867000000.0,245349000000.0
Chile,2022,19553036,CL,-35.67515,-71.54297,301270000000.0,4402607000000.0
Colombia,2022,51737944,CO,4.57087,-74.29733,345632000000.0,5249421000000.0
Costa Rica,2022,5081765,CR,9.74892,-83.75343,69235000000.0,1220181000000.0
Cyprus,2022,1331370,CY,35.12641,33.42986,31001000000.0,469995000000.0
Denmark,2022,5903037,DK,56.26392,9.50179,401946000000.0,5720441000000.0
Djibouti,2022,1137096,DJ,11.82514,42.59028,3563000000.0,57624000000.0
Dominican Republic,2022,11230734,DO,18.73569,-70.16265,113813000000.0,1615196000000.0
Ecuador,2022,17823897,EC,-1.83124,-78.18341,116133000000.0,1608553000000.0
El Salvador,2022,6280319,SV,13.79419,-88.89653,31989000000.0,456899000000.0
Finland,2022,5556106,FI,61.92411,25.74815,280474000000.0,3972166000000.0
France,2022,68065015,FR,46.22764,2.21375,2797049000000.0,41002981000000.0
Gabon,2022,2430747,GA,-0.80369,11.60944,20485000000.0,263455000000.0
Georgia,2022,3712502,GE,42.31541,43.35689,24985000000.0,399577000000.0
Germany,2022,83797985,DE,51.16569,10.45153,4166872000000.0,60635461000000.0
Ghana,2022,33149152,GH,7.94653,-1.02319,73919000000.0,1130811000000.0
Greece,2022,10436882,GR,39.07421,21.82431,219053000000.0,3312713000000.0
Guatemala,2022,17847877,GT,15.78347,-90.23076,95631000000.0,1516710000000.0
Guinea,2022,14055137,GN,9.94559,-9.69665,19589000000.0,396065000000.0
Guyana,2022,821637,GY,4.86042,-58.93018,14718000000.0,282379000000.0
Haiti,2022,11503606,HT,18.97119,-72.28522,19826000000.0,362350000000.0
Hungary,2022,9605074,HU,47.16249,19.5033,178321000000.0,2941004000000.0
Iceland,2022,382003,IS,64.96305,-19.02084,28696000000.0,453247000000.0
India,2022,1425423212,IN,20.59368,78.96288,3346107000000.0,54634783000000.0
Indonesia,2022,278830529,ID,-0.78928,113.92133,1319101000000.0,18868855000000.0
Ireland,2022,5212836,IE,53.41291,-8.24389,549003000000.0,7430812000000.0
Israel,2022,9557500,IL,31.04605,34.85161,525183000000.0,7183975000000.0
Italy,2022,59013667,IT,41.87194,12.56738,2105722000000.0,30602465000000.0
Jamaica,2022,2839144,JM,18.10958,-77.29751,17003000000.0,256804000000.0
Japan,2022,125124989,JP,36.20482,138.25292,4262146000000.0,60365542000000.0
Jordan,2022,11256263,JO,30.58516,36.23841,48722000000.0,718597000000.0
Kenya,2022,54252461,KE,-0.02356,37.90619,114733000000.0,1591969000000.0
Kuwait,2022,4589643,KW,29.31166,47.48177,183977000000.0,2045067000000.0
Lebanon,2022,5744489,LB,33.85472,35.86229,24748000000.0,227221000000.0
Liberia,2022,5373294,LR,6.42806,-9.4295,3974000000.0,62652000000.0
Libya,2022,7223805,LY,26.3351,17.22833,43281000000.0,666655000000.0
Luxembourg,2022,653103,LU,49.81527,6.12958,80865000000.0,1206161000000.0
Malawi,2022,20568728,MW,-13.25431,34.30153,12531000000.0,178493000000.0
Malaysia,2022,34695493,MY,4.21048,101.97577,407605000000.0,5785875000000.0
Maldives,2022,524106,MV,3.20278,73.22068,6168000000.0,93180000000.0
Mali,2022,23072640,ML,17.57069,-3.99617,19319000000.0,300793000000.0
Malta,2022,531113,MT,35.9375,14.37542,19254000000.0,315252000000.0
Mauritius,2022,1262523,MU,-20.3484,57.55215,12908000000.0,203318000000.0
Mongolia,2022,3433748,MN,46.8625,103.84666,17146000000.0,304365000000.0
Montenegro,2022,623591,ME,42.70868,19.37439,6243000000.0,102738000000.0
Morocco,2022,37329064,MA,31.7917,-7.09262,130952000000.0,2115935000000.0
Myanmar,2022,53756787,MM,21.91397,95.95622,61723000000.0,926613000000.0
Nepal,2022,29715436,NP,28.39486,84.12401,41183000000.0,610305000000.0
New Zealand,2022,5117100,NZ,-40.90056,174.88597,245203000000.0,3297361000000.0
Niger,2022,25311973,NE,17.60779,8.08167,15458000000.0,270733000000.0
Nigeria,2022,223150896,NG,9.082,8.67528,476468000000.0,4188443000000.0
Norway,2022,5457127,NO,60.47202,8.46895,596298000000.0,6565710000000.0
Oman,2022,4730226,OM,21.51258,55.92326,109853000000.0,1369552000000.0
Pakistan,2022,243700667,PK,30.37532,69.34512,374850000000.0,2411807000000.0
Panama,2022,4400773,PA,8.53798,-80.78213,76523000000.0,1149853000000.0
Paraguay,2022,6760464,PY,-23.4425,-58.44383,41953000000.0,596614000000.0
Peru,2022,33475438,PE,-9.18997,-75.01515,244419000000.0,3743448000000.0
Philippines,2022,113964338,PH,12.87972,121.77402,404353000000.0,6496060000000.0
Portugal,2022,10434332,PT,39.39987,-8.22445,257101000000.0,3952501000000.0
Qatar,2022,2657333,QA,25.35483,51.18388,235709000000.0,2909267000000.0
Romania,2022,19048502,RO,45.94316,24.96676,296928000000.0,4831843000000.0
Saudi Arabia,2022,32175224,SA,23.88594,45.07916,1108571000000.0,13866012000000.0
Senegal,2022,17651103,SN,14.4974,-14.45236,27750000000.0,436120000000.0
Seychelles,2022,119878,SC,-4.67957,55.49198,2018000000.0,27628000000.0
Sierra Leone,2022,8276807,SL,8.46056,-11.77989,7119000000.0,104391000000.0
Singapore,2022,5637022,SG,1.35208,103.81984,509018000000.0,6868048000000.0
Somalia,2022,17801897,SO,5.15215,46.19962,10203000000.0,165414000000.0
South Africa,2022,62378410,ZA,-30.55948,22.93751,406755000000.0,5432048000000.0
Spain,2022,47786102,ES,40.46367,-3.74922,1447636000000.0,22380822000000.0
Sri Lanka,2022,22181000,LK,7.87305,80.7718,74584000000.0,613683000000.0
Sudan,2022,49383346,SD,12.86281,30.21764,33517000000.0,496079000000.0
Sweden,2022,10486941,SE,60.12816,18.6435,579896000000.0,8187067000000.0
Switzerland,2022,8777088,CH,46.81819,8.22751,828522000000.0,11981294000000.0
Thailand,2022,71735329,TH,15.87003,100.99254,495645000000.0,7122497000000.0
Togo,2022,9089738,TG,8.61954,0.82478,8144000000.0,129364000000.0
Tunisia,2022,12119334,TN,33.88692,9.5375,44596000000.0,676775000000.0
Uganda,2022,47312719,UG,1.37333,32.29028,47276000000.0,808885000000.0
Ukraine,2022,41048766,UA,48.37943,31.16558,161987000000.0,2633063000000.0
United Arab Emirates,2022,10074977,AE,23.42408,53.84782,502732000000.0,6990436000000.0
United Kingdom,2022,67604000,GB,55.37805,-3.43597,3125404000000.0,47946865000000.0
United States,2022,334017321,US,37.09024,-95.71289,26006900000000.0,372518938000000.0
Uruguay,2022,3390913,UY,-32.52278,-55.76584,70600000000.0,1030856000000.0
Zambia,2022,20152938,ZM,-13.1339,27.84933,29164000000.0,417660000000.0
Zimbabwe,2022,16069056,ZW,-19.01544,29.15486,32613000000.0,478978000000.0
Albania,2023,2745972,AL,41.15333,20.16833,23388000000.0,330104000000.0
Algeria,2023,46164219,DZ,28.03389,1.65963,247789000000.0,3145938000000.0
Angola,2023,36749906,AO,-11.20269,17.87389,109764000000.0,1439229000000.0
Argentina,2023,45538401,AR,-38.4161,-63.61667,645511000000.0,8094978000000.0
Australia,2023,26652777,AU,-25.2744,133.77514,1742461000000.0,22874963000000.0
Austria,2023,9131761,AT,47.51623,14.55007,512509000000.0,6804768000000.0
Bangladesh,2023,171466990,BD,23.68499,90.35633,451534000000.0,6383522000000.0
Belgium,2023,11787423,BE,50.50389,4.46994,644968000000.0,8535322000000.0
Benin,2023,14111034,BJ,9.30769,2.31583,19679000000.0,284260000000.0
Bosnia and Herzegovina,2023,3185073,BA,43.91589,17.67908,27592000000.0,361674000000.0
Botswana,2023,2480244,BW,-22.32847,24.68487,19411000000.0,268304000000.0
Brazil,2023,211140729,BR,-14.235,-51.92528,2191137000000.0,27498145000000.0
Bulgaria,2023,6446596,BG,42.73388,25.48583,102434000000.0,1394653000000.0
Burkina Faso,2023,23025776,BF,12.23833,-1.56159,21181000000.0,331865000000.0
Burundi,2023,13689450,BI,-3.37306,29.91889,4246000000.0,80087000000.0
Cambodia,2023,17423880,KH,12.56568,104.99096,43304000000.0,630254000000.0
Cameroon,2023,28372687,CM,7.36972,12.35472,49283000000.0,716538000000.0
Canada,2023,40083484,CA,56.13037,-106.34677,2173340000000.0,28738085000000.0
Central African Republic,2023,5152421,CF,6.61111,20.93944,2602000000.0,39145000000.0
Chad,2023,19319064,TD,15.45417,18.73221,18343000000.0,245349000000.0
Chile,2023,19658835,CL,-35.67515,-71.54297,335627000000.0,4402607000000.0
Colombia,2023,52321152,CO,4.57087,-74.29733,366292000000.0,5249421000000.0
Costa Rica,2023,5105525,CR,9.74892,-83.75343,86509000000.0,1220181000000.0
Cyprus,2023,1344976,CY,35.12641,33.42986,33897000000.0,469995000000.0
Denmark,2023,5946952,DK,56.26392,9.50179,407092000000.0,5720441000000.0
Djibouti,2023,1152944,DJ,11.82514,42.59028,3917000000.0,57624000000.0
Dominican Republic,2023,11331265,DO,18.73569,-70.16265,120794000000.0,1615196000000.0
Ecuador,2023,17980083,EC,-1.83124,-78.18341,121147000000.0,1608553000000.0
El Salvador,2023,6309624,SV,13.79419,-88.89653,34016000000.0,456899000000.0
Finland,2023,5583911,FI,61.92411,25.74815,295036000000.0,3972166000000.0
France,2023,68287487,FR,46.22764,2.21375,3056880000000.0,41002981000000.0
Gabon,2023,2484789,GA,-0.80369,11.60944,20059000000.0,263455000000.0
Georgia,2023,3715483,GE,42.31541,43.35689,30778000000.0,399577000000.0
Germany,2023,83901923,DE,51.16569,10.45153,4527009000000.0,60635461000000.0
Ghana,2023,33787914,GH,7.94653,-1.02319,80547000000.0,1130811000000.0
Greece,2023,10405588,GR,39.07421,21.82431,243569000000.0,3312713000000.0
Guatemala,2023,18124838,GT,15.78347,-90.23076,104436000000.0,1516710000000.0
Guinea,2023,14405468,GN,9.94559,-9.69665,22750000000.0,396065000000.0
Guyana,2023,826353,GY,4.86042,-58.93018,16919000000.0,282379000000.0
Haiti,2023,11637398,HT,18.97119,-72.28522,19603000000.0,362350000000.0
Hungary,2023,9592186,HU,47.16249,19.5033,214098000000.0,2941004000000.0
Iceland,2023,393349,IS,64.96305,-19.02084,31452000000.0,453247000000.0
India,2023,1438069596,IN,20.59368,78.96288,3638490000000.0,54634783000000.0
Indonesia,2023,281190067,ID,-0.78928,113.92133,1371169000000.0,18868855000000.0
Ireland,2023,5307600,IE,53.41291,-8.24389,551554000000.0,7430812000000.0
Israel,2023,9849000,IL,31.04605,34.85161,512185000000.0,7183975000000.0
Italy,2023,58993475,IT,41.87194,12.56738,2305271000000.0,30602465000000.0
Jamaica,2023,2839786,JM,18.10958,-77.29751,19315000000.0,256804000000.0
Japan,2023,124516650,JP,36.20482,138.25292,4213167000000.0,60365542000000.0
Jordan,2023,11439213,JO,30.58516,36.23841,51161000000.0,718597000000.0
Kenya,2023,55339003,KE,-0.02356,37.90619,108747000000.0,1591969000000.0
Kuwait,2023,4853420,KW,29.31166,47.48177,163716000000.0,2045067000000.0
Lebanon,2023,5773493,LB,33.85472,35.86229,23607000000.0,227221000000.0
Liberia,2023,5493031,LR,6.42806,-9.4295,4390000000.0,62652000000.0
Libya,2023,7305659,LY,26.3351,17.22833,43958000000.0,666655000000.0
Luxembourg,2023,666430,LU,49.81527,6.12958,87599000000.0,1206161000000.0
Malawi,2023,21104482,MW,-13.25431,34.30153,13439000000.0,178493000000.0
Malaysia,2023,35126298,MY,4.21048,101.97577,399705000000.0,5785875000000.0
Maldives,2023,525994,MV,3.20278,73.22068,6581000000.0,93180000000.0
Mali,2023,23769127,ML,17.57069,-3.99617,21184000000.0,300793000000.0
Malta,2023,552747,MT,35.9375,14.37542,22217000000.0,315252000000.0
Mauritius,2023,1261041,MU,-20.3484,57.55215,14101000000.0,203318000000.0
Mongolia,2023,3481145,MN,46.8625,103.84666,20315000000.0,304365000000.0
Montenegro,2023,623529,ME,42.70868,19.37439,7532000000.0,102738000000.0
Morocco,2023,37712505,MA,31.7917,-7.09262,144438000000.0,2115935000000.0
Myanmar,2023,54133798,MM,21.91397,95.95622,61466000000.0,926613000000.0
Nepal,2023,29694614,NP,28.39486,84.12401,40907000000.0,610305000000.0
New Zealand,2023,5245000,NZ,-40.90056,174.88597,253436000000.0,3297361000000.0
Niger,2023,26159867,NE,17.60779,8.08167,16809000000.0,270733000000.0
Nigeria,2023,227882945,NG,9.082,8.67528,363816000000.0,4188443000000.0
Norway,2023,5519594,NO,60.47202,8.46895,482950000000.0,6565710000000.0
Oman,2023,5049269,OM,21.51258,55.92326,105896000000.0,1369552000000.0
Pakistan,2023,247504495,PK,30.37532,69.34512,337754000000.0,2411807000000.0
Panama,2023,4458759,PA,8.53798,-80.78213,83382000000.0,1149853000000.0
Paraguay,2023,6844146,PY,-23.4425,-58.44383,43118000000.0,596614000000.0
Peru,2023,33845617,PE,-9.18997,-75.01515,267482000000.0,3743448000000.0
Philippines,2023,114891199,PH,12.87972,121.77402,437055000000.0,6496060000000.0
Portugal,2023,10578174,PT,39.39987,-8.22445,289781000000.0,3952501000000.0
Qatar,2023,2656032,QA,25.35483,51.18388,213003000000.0,2909267000000.0
Romania,2023,19059479,RO,45.94316,24.96676,350847000000.0,4831843000000.0
Saudi Arabia,2023,33702731,SA,23.88594,45.07916,1067583000000.0,13866012000000.0
Senegal,2023,18077573,SN,14.4974,-14.45236,30625000000.0,436120000000.0
Seychelles,2023,119773,SC,-4.67957,55.49198,2187000000.0,27628000000.0
Sierra Leone,2023,8460512,SL,8.46056,-11.77989,6397000000.0,104391000000.0
Singapore,2023,5917648,SG,1.35208,103.81984,505440000000.0,6868048000000.0
Somalia,2023,18358615,SO,5.15215,46.19962,10969000000.0,165414000000.0
South Africa,2023,63212384,ZA,-30.55948,22.93751,380592000000.0,5432048000000.0
Spain,2023,48347910,ES,40.46367,-3.74922,1620558000000.0,22380822000000.0
Sri Lanka,2023,22037000,LK,7.87305,80.7718,83723000000.0,613683000000.0
Sudan,2023,50042791,SD,12.86281,30.21764,36998000000.0,496079000000.0
Sweden,2023,10536632,SE,60.12816,18.6435,585490000000.0,8187067000000.0
Switzerland,2023,8888093,CH,46.81819,8.22751,894867000000.0,11981294000000.0
Thailand,2023,71702435,TH,15.87003,100.99254,515906000000.0,7122497000000.0
Togo,2023,9304337,TG,8.61954,0.82478,9081000000.0,129364000000.0
Tunisia,2023,12200431,TN,33.88692,9.5375,48541000000.0,676775000000.0
Uganda,2023,48656601,UG,1.37333,32.29028,51934000000.0,808885000000.0
Ukraine,2023,37732836,UA,48.37943,31.16558,178763000000.0,2633063000000.0
United Arab Emirates,2023,10483751,AE,23.42408,53.84782,514130000000.0,6990436000000.0
United Kingdom,2023,68492000,GB,55.37805,-3.43597,3371118000000.0,47946865000000.0
United States,2023,336806231,US,37.09024,-95.71289,27720725000000.0,372518938000000.0
Uruguay,2023,3388081,UY,-32.52278,-55.76584,77997000000.0,1030856000000.0
Zambia,2023,20723965,ZM,-13.1339,27.84933,27578000000.0,417660000000.0
Zimbabwe,2023,16340822,ZW,-19.01544,29.15486,35144000000.0,478978000000.0
Albania,2024,2714617,AL,41.15333,20.16833,27259000000.0,330104000000.0
Algeria,2024,46814308,DZ,28.03389,1.65963,264913000000.0,3145938000000.0
Angola,2024,37885849,AO,-11.20269,17.87389,115946000000.0,1439229000000.0
Argentina,2024,45696159,AR,-38.4161,-63.61667,632145000000.0,8094978000000.0
Australia,2024,27204809,AU,-25.2744,133.77514,1796805000000.0,22874963000000.0
Austria,2024,9178482,AT,47.51623,14.55007,521269000000.0,6804768000000.0
Bangladesh,2024,173562364,BD,23.68499,90.35633,451096000000.0,6383522000000.0
Belgium,2024,11876844,BE,50.50389,4.46994,664965000000.0,8535322000000.0
Benin,2024,14462724,BJ,9.30769,2.31583,21249000000.0,284260000000.0
Bosnia and Herzegovina,2024,3164253,BA,43.91589,17.67908,28795000000.0,361674000000.0
Botswana,2024,2521139,BW,-22.32847,24.68487,19356000000.0,268304000000.0
Brazil,2024,211998573,BR,-14.235,-51.92528,2171337000000.0,27498145000000.0
Bulgaria,2024,6444366,BG,42.73388,25.48583,112232000000.0,1394653000000.0
Burkina Faso,2024,23548781,BF,12.23833,-1.56159,23975000000.0,331865000000.0
Burundi,2024,14047786,BI,-3.37306,29.91889,4743000000.0,80087000000.0
Cambodia,2024,17638801,KH,12.56568,104.99096,47328000000.0,630254000000.0
Cameroon,2024,29123744,CM,7.36972,12.35472,52784000000.0,716538000000.0
Canada,2024,41288599,CA,56.13037,-106.34677,2241253000000.0,28738085000000.0
Central African Republic,2024,5330690,CF,6.61111,20.93944,2831000000.0,39145000000.0
Chad,2024,20299123,TD,15.45417,18.73221,19078000000.0,245349000000.0
Chile,2024,19764771,CL,-35.67515,-71.54297,330210000000.0,4402607000000.0
Colombia,2024,52886363,CO,4.57087,-74.29733,418542000000.0,5249421000000.0
Costa Rica,2024,5129910,CR,9.74892,-83.75343,95365000000.0,1220181000000.0
Cyprus,2024,1358282,CY,35.12641,33.42986,36156000000.0,469995000000.0
Denmark,2024,5976992,DK,56.26392,9.50179,429458000000.0,5720441000000.0
Djibouti,2024,1168722,DJ,11.82514,42.59028,4257000000.0,57624000000.0
Dominican Republic,2024,11427557,DO,18.73569,-70.16265,124613000000.0,1615196000000.0
Ecuador,2024,18135478,EC,-1.83124,-78.18341,121728000000.0,1608553000000.0
El Salvador,2024,6338193,SV,13.79419,-88.89653,35337000000.0,456899000000.0
Finland,2024,5637214,FI,61.92411,25.74815,298833000000.0,3972166000000.0
France,2024,68516699,FR,46.22764,2.21375,3162023000000.0,41002981000000.0
Gabon,2024,2538952,GA,-0.80369,11.60944,20774000000.0,263455000000.0
Georgia,2024,3673850,GE,42.31541,43.35689,33775000000.0,399577000000.0
Germany,2024,83510950,DE,51.16569,10.45153,4658526000000.0,60635461000000.0
Ghana,2024,34427414,GH,7.94653,-1.02319,82825000000.0,1130811000000.0
Greece,2024,10388805,GR,39.07421,21.82431,257067000000.0,3312713000000.0
Guatemala,2024,18406359,GT,15.78347,-90.23076,112575000000.0,1516710000000.0
Guinea,2024,14754785,GN,9.94559,-9.69665,25758000000.0,396065000000.0
Guyana,2024,831087,GY,4.86042,-58.93018,24659000000.0,282379000000.0
Haiti,2024,11772557,HT,18.97119,-72.28522,26229000000.0,362350000000.0
Hungary,2024,9562314,HU,47.16249,19.5033,223060000000.0,2941004000000.0
Iceland,2024,404610,IS,64.96305,-19.02084,33463000000.0,453247000000.0
India,2024,1450935791,IN,20.59368,78.96288,3909097000000.0,54634783000000.0
Indonesia,2024,283487931,ID,-0.78928,113.92133,1396300000000.0,18868855000000.0
Ireland,2024,5380257,IE,53.41291,-8.24389,577216000000.0,7430812000000.0
Israel,2024,9974400,IL,31.04605,34.85161,540381000000.0,7183975000000.0
Italy,2024,58986023,IT,41.87194,12.56738,2372059000000.0,30602465000000.0
Jamaica,2024,2839175,JM,18.10958,-77.29751,20069000000.0,256804000000.0
Japan,2024,123975371,JP,36.20482,138.25292,4026211000000.0,60365542000000.0
Jordan,2024,11552876,JO,30.58516,36.23841,53428000000.0,718597000000.0
Kenya,2024,56432944,KE,-0.02356,37.90619,120899000000.0,1591969000000.0
Kuwait,2024,4973861,KW,29.31166,47.48177,158568000000.0,2045067000000.0
Lebanon,2024,5805962,LB,33.85472,35.86229,28280000000.0,227221000000.0
Liberia,2024,5612817,LR,6.42806,-9.4295,4818000000.0,62652000000.0
Libya,2024,7381023,LY,26.3351,17.22833,42159000000.0,666655000000.0
Luxembourg,2024,677717,LU,49.81527,6.12958,93169000000.0,1206161000000.0
Malawi,2024,21655286,MW,-13.25431,34.30153,11797000000.0,178493000000.0
Malaysia,2024,35557673,MY,4.21048,101.97577,419617000000.0,5785875000000.0
Maldives,2024,527799,MV,3.20278,73.22068,7019000000.0,93180000000.0
Mali,2024,24478595,ML,17.57069,-3.99617,22724000000.0,300793000000.0
Malta,2024,574346,MT,35.9375,14.37542,24315000000.0,315252000000.0
Mauritius,2024,1259509,MU,-20.3484,57.55215,14953000000.0,203318000000.0
Mongolia,2024,3524788,MN,46.8625,103.84666,23586000000.0,304365000000.0
Montenegro,2024,623831,ME,42.70868,19.37439,8023000000.0,102738000000.0
Morocco,2024,38081173,MA,31.7917,-7.09262,155350000000.0,2115935000000.0
Myanmar,2024,54500091,MM,21.91397,95.95622,61176000000.0,926613000000.0
Nepal,2024,29651054,NP,28.39486,84.12401,43419000000.0,610305000000.0
New Zealand,2024,5338500,NZ,-40.90056,174.88597,257728000000.0,3297361000000.0
Niger,2024,27032412,NE,17.60779,8.08167,19866000000.0,270733000000.0
Nigeria,2024,232679478,NG,9.082,8.67528,187640000000.0,4188443000000.0
Norway,2024,5572272,NO,60.47202,8.46895,483727000000.0,6565710000000.0
Oman,2024,5281538,OM,21.51258,55.92326,106943000000.0,1369552000000.0
Pakistan,2024,251269164,PK,30.37532,69.34512,373078000000.0,2411807000000.0
Panama,2024,4515577,PA,8.53798,-80.78213,87688000000.0,1149853000000.0
Paraguay,2024,6929153,PY,-23.4425,-58.44383,43989000000.0,596614000000.0
Peru,2024,34217848,PE,-9.18997,-75.01515,289070000000.0,3743448000000.0
Philippines,2024,115843670,PH,12.87972,121.77402,461617000000.0,6496060000000.0
Portugal,2024,10701636,PT,39.39987,-8.22445,308590000000.0,3952501000000.0
Qatar,2024,2857822,QA,25.35483,51.18388,221452000000.0,2909267000000.0
Romania,2024,19069340,RO,45.94316,24.96676,384148000000.0,4831843000000.0
Saudi Arabia,2024,35300280,SA,23.88594,45.07916,1085358000000.0,13866012000000.0
Senegal,2024,18501984,SN,14.4974,-14.45236,32892000000.0,436120000000.0
Seychelles,2024,121354,SC,-4.67957,55.49198,2168000000.0,27628000000.0
Sierra Leone,2024,8642022,SL,8.46056,-11.77989,7653000000.0,104391000000.0
Singapore,2024,6036860,SG,1.35208,103.81984,547387000000.0,6868048000000.0
Somalia,2024,19009151,SO,5.15215,46.19962,12134000000.0,165414000000.0
South Africa,2024,64007187,ZA,-30.55948,22.93751,400191000000.0,5432048000000.0
Spain,2024,48807137,ES,40.46367,-3.74922,1722227000000.0,22380822000000.0
Sri Lanka,2024,21916000,LK,7.87305,80.7718,98964000000.0,613683000000.0
Sudan,2024,50448963,SD,12.86281,30.21764,28270000000.0,496079000000.0
Sweden,2024,10569709,SE,60.12816,18.6435,610118000000.0,8187067000000.0
Switzerland,2024,9034102,CH,46.81819,8.22751,936738000000.0,11981294000000.0
Thailand,2024,71668011,TH,15.87003,100.99254,526411000000.0,7122497000000.0
Togo,2024,9515236,TG,8.61954,0.82478,9776000000.0,129364000000.0
Tunisia,2024,12277109,TN,33.88692,9.5375,53063000000.0,676775000000.0
Uganda,2024,50015092,UG,1.37333,32.29028,56453000000.0,808885000000.0
Ukraine,2024,37860221,UA,48.37943,31.16558,190426000000.0,2633063000000.0
United Arab Emirates,2024,10876981,AE,23.42408,53.84782,537079000000.0,6990436000000.0
United Kingdom,2024,69226000,GB,55.37805,-3.43597,3644636000000.0,47946865000000.0
United States,2024,340110988,US,37.09024,-95.71289,29184900000000.0,372518938000000.0
Uruguay,2024,3386588,UY,-32.52278,-55.76584,80961000000.0,1030856000000.0
Zambia,2024,21314956,ZM,-13.1339,27.84933,26326000000.0,417660000000.0
Zimbabwe,2024,16634373,ZW,-19.01544,29.15486,35224000000.0,478978000000.0
Albania,2025,2693126,AL,41.15333,20.16833,28372000000.0,330104000000.0
Algeria,2025,47435312,DZ,28.03389,1.65963,268885000000.0,3145938000000.0
Angola,2025,39040039,AO,-11.20269,17.87389,113343000000.0,1439229000000.0
Argentina,2025,45851378,AR,-38.4161,-63.61667,683533000000.0,8094978000000.0
Australia,2025,27454336,AU,-25.2744,133.77514,1771681000000.0,22874963000000.0
Austria,2025,9167706,AT,47.51623,14.55007,534301000000.0,6804768000000.0
Bangladesh,2025,175686899,BD,23.68499,90.35633,467218000000.0,6383522000000.0
Belgium,2025,11893733,BE,50.50389,4.46994,684864000000.0,8535322000000.0
Benin,2025,14814460,BJ,9.30769,2.31583,22236000000.0,284260000000.0
Bosnia and Herzegovina,2025,3140095,BA,43.91589,17.67908,28807000000.0,361674000000.0
Botswana,2025,2562122,BW,-22.32847,24.68487,19400000000.0,268304000000.0
Brazil,2025,212812405,BR,-14.235,-51.92528,2125958000000.0,27498145000000.0
Bulgaria,2025,6401447,BG,42.73388,25.48583,117007000000.0,1394653000000.0
Burkina Faso,2025,24074580,BF,12.23833,-1.56159,27056000000.0,331865000000.0
Burundi,2025,14390003,BI,-3.37306,29.91889,6745000000.0,80087000000.0
Cambodia,2025,17847982,KH,12.56568,104.99096,49799000000.0,630254000000.0
Cameroon,2025,29879337,CM,7.36972,12.35472,56011000000.0,716538000000.0
Canada,2025,41634760,CA,56.13037,-106.34677,2225341000000.0,28738085000000.0
Central African Republic,2025,5513282,CF,6.61111,20.93944,2932000000.0,39145000000.0
Chad,2025,21003705,TD,15.45417,18.73221,18792000000.0,245349000000.0
Chile,2025,19859921,CL,-35.67515,-71.54297,343823000000.0,4402607000000.0
Colombia,2025,53425635,CO,4.57087,-74.29733,427766000000.0,5249421000000.0
Costa Rica,2025,5152950,CR,9.74892,-83.75343,102591000000.0,1220181000000.0
Cyprus,2025,1370754,CY,35.12641,33.42986,38736000000.0,469995000000.0
Denmark,2025,5996088,DK,56.26392,9.50179,449940000000.0,5720441000000.0
Djibouti,2025,1184076,DJ,11.82514,42.59028,4587000000.0,57624000000.0
Dominican Republic,2025,11520487,DO,18.73569,-70.16265,127828000000.0,1615196000000.0
Ecuador,2025,18289896,EC,-1.83124,-78.18341,125677000000.0,1608553000000.0
El Salvador,2025,6365503,SV,13.79419,-88.89653,36749000000.0,456899000000.0
Finland,2025,5636798,FI,61.92411,25.74815,303945000000.0,3972166000000.0
France,2025,68609480,FR,46.22764,2.21375,3211292000000.0,41002981000000.0
Gabon,2025,2593130,GA,-0.80369,11.60944,20391000000.0,263455000000.0
Georgia,2025,3673046,GE,42.31541,43.35689,35353000000.0,399577000000.0
Germany,2025,82815320,DE,51.16569,10.45153,4744804000000.0,60635461000000.0
Ghana,2025,35064272,GH,7.94653,-1.02319,88332000000.0,1130811000000.0
Greece,2025,10347298,GR,39.07421,21.82431,267348000000.0,3312713000000.0
Guatemala,2025,18687881,GT,15.78347,-90.23076,121177000000.0,1516710000000.0
Guinea,2025,15099727,GN,9.94559,-9.69665,30094000000.0,396065000000.0
Guyana,2025,835986,GY,4.86042,-58.93018,25822000000.0,282379000000.0
Haiti,2025,11906095,HT,18.97119,-72.28522,33548000000.0,362350000000.0
Hungary,2025,9501298,HU,47.16249,19.5033,237070000000.0,2941004000000.0
Iceland,2025,408987,IS,64.96305,-19.02084,35309000000.0,453247000000.0
India,2025,1463865525,IN,20.59368,78.96288,4187017000000.0,54634783000000.0
Indonesia,2025,285721236,ID,-0.78928,113.92133,1429743000000.0,18868855000000.0
Ireland,2025,5430660,IE,53.41291,-8.24389,598840000000.0,7430812000000.0
Israel,2025,10110474,IL,31.04605,34.85161,583361000000.0,7183975000000.0
Italy,2025,58761644,IT,41.87194,12.56738,2422855000000.0,30602465000000.0
Jamaica,2025,2837077,JM,18.10958,-77.29751,21411000000.0,256804000000.0
Japan,2025,123206280,JP,36.20482,138.25292,4186431000000.0,60365542000000.0
Jordan,2025,11520684,JO,30.58516,36.23841,56102000000.0,718597000000.0
Kenya,2025,57532493,KE,-0.02356,37.90619,131673000000.0,1591969000000.0
Kuwait,2025,5056186,KW,29.31166,47.48177,153101000000.0,2045067000000.0
Liberia,2025,5731206,LR,6.42806,-9.4295,5166000000.0,62652000000.0
Libya,2025,7458555,LY,26.3351,17.22833,47484000000.0,666655000000.0
Luxembourg,2025,684807,LU,49.81527,6.12958,96613000000.0,1206161000000.0
Malawi,2025,22216120,MW,-13.25431,34.30153,13959000000.0,178493000000.0
Malaysia,2025,35977838,MY,4.21048,101.97577,444984000000.0,5785875000000.0
Maldives,2025,529676,MV,3.20278,73.22068,7480000000.0,93180000000.0
Mali,2025,25198821,ML,17.57069,-3.99617,23208000000.0,300793000000.0
Malta,2025,579210,MT,35.9375,14.37542,25750000000.0,315252000000.0
Mauritius,2025,1257104,MU,-20.3484,57.55215,15495000000.0,203318000000.0
Mongolia,2025,3566719,MN,46.8625,103.84666,25804000000.0,304365000000.0
Montenegro,2025,614279,ME,42.70868,19.37439,8562000000.0,102738000000.0
Morocco,2025,38430770,MA,31.7917,-7.09262,165835000000.0,2115935000000.0
Myanmar,2025,54850648,MM,21.91397,95.95622,64944000000.0,926613000000.0
Nepal,2025,29618118,NP,28.39486,84.12401,46080000000.0,610305000000.0
New Zealand,2025,5373975,NZ,-40.90056,174.88597,248666000000.0,3297361000000.0
Niger,2025,27917831,NE,17.60779,8.08167,21874000000.0,270733000000.0
Nigeria,2025,237527782,NG,9.082,8.67528,188271000000.0,4188443000000.0
Norway,2025,5609040,NO,60.47202,8.46895,504276000000.0,6565710000000.0
Oman,2025,5494691,OM,21.51258,55.92326,104351000000.0,1369552000000.0
Panama,2025,4571189,PA,8.53798,-80.78213,91675000000.0,1149853000000.0
Paraguay,2025,7013078,PY,-23.4425,-58.44383,45465000000.0,596614000000.0
Peru,2025,34576665,PE,-9.18997,-75.01515,303293000000.0,3743448000000.0
Philippines,2025,116786962,PH,12.87972,121.77402,497495000000.0,6496060000000.0
Portugal,2025,10681340,PT,39.39987,-8.22445,321440000000.0,3952501000000.0
Qatar,2025,2918488,QA,25.35483,51.18388,222776000000.0,2909267000000.0
Romania,2025,18965494,RO,45.94316,24.96676,403395000000.0,4831843000000.0
Saudi Arabia,2025,35916992,SA,23.88594,45.07916,1083749000000.0,13866012000000.0
Senegal,2025,18931966,SN,14.4974,-14.45236,34728000000.0,436120000000.0
Seychelles,2025,123601,SC,-4.67957,55.49198,2198000000.0,27628000000.0
Sierra Leone,2025,8819794,SL,8.46056,-11.77989,8386000000.0,104391000000.0
Singapore,2025,6072360,SG,1.35208,103.81984,564774000000.0,6868048000000.0
Somalia,2025,19654739,SO,5.15215,46.19962,12994000000.0,165414000000.0
South Africa,2025,64747319,ZA,-30.55948,22.93751,410338000000.0,5432048000000.0
Spain,2025,48769756,ES,40.46367,-3.74922,1799511000000.0,22380822000000.0
Sudan,2025,51662147,SD,12.86281,30.21764,31506000000.0,496079000000.0
Sweden,2025,10611737,SE,60.12816,18.6435,620297000000.0,8187067000000.0
Switzerland,2025,9073663,CH,46.81819,8.22751,947125000000.0,11981294000000.0
Thailand,2025,71619863,TH,15.87003,100.99254,546224000000.0,7122497000000.0
Togo,2025,9721608,TG,8.61954,0.82478,10023000000.0,129364000000.0
Tunisia,2025,12348573,TN,33.88692,9.5375,56291000000.0,676775000000.0
Uganda,2025,51384894,UG,1.37333,32.29028,64277000000.0,808885000000.0
Ukraine,2025,38980376,UA,48.37943,31.16558,205742000000.0,2633063000000.0
United Arab Emirates,2025,11133106,AE,23.42408,53.84782,548598000000.0,6990436000000.0
United Kingdom,2025,69607016,GB,55.37805,-3.43597,3839180000000.0,47946865000000.0
United States,2025,341807872,US,37.09024,-95.71289,30507217000000.0,372518938000000.0
Uruguay,2025,3384688,UY,-32.52278,-55.76584,79731000000.0,1030856000000.0
Zambia,2025,21913874,ZM,-13.1339,27.84933,28910000000.0,417660000000.0
Zimbabwe,2025,16950795,ZW,-19.01544,29.15486,38172000000.0,478978000000.0
Albania,2026,2672390,AL,41.15333,20.16833,29743000000.0,330104000000.0
Algeria,2026,48028334,DZ,28.03389,1.65963,269435000000.0,3145938000000.0
Angola,2026,40215179,AO,-11.20269,17.87389,109384000000.0,1439229000000.0
Argentina,2026,46003734,AR,-38.4161,-63.61667,715376000000.0,8094978000000.0
Australia,2026,27692498,AU,-25.2744,133.77514,1841002000000.0,22874963000000.0
Austria,2026,9157992,AT,47.51623,14.55007,551918000000.0,6804768000000.0
Bangladesh,2026,177818044,BD,23.68499,90.35633,513121000000.0,6383522000000.0
Belgium,2026,11906766,BE,50.50389,4.46994,706834000000.0,8535322000000.0
Benin,2026,15170419,BJ,9.30769,2.31583,24067000000.0,284260000000.0
Bosnia and Herzegovina,2026,3114242,BA,43.91589,17.67908,30214000000.0,361674000000.0
Botswana,2026,2603388,BW,-22.32847,24.68487,20951000000.0,268304000000.0
Brazil,2026,213562666,BR,-14.235,-51.92528,2186983000000.0,27498145000000.0
Bulgaria,2026,6354777,BG,42.73388,25.48583,123066000000.0,1394653000000.0
Burkina Faso,2026,24601700,BF,12.23833,-1.56159,29624000000.0,331865000000.0
Burundi,2026,14729157,BI,-3.37306,29.91889,8419000000.0,80087000000.0
Cambodia,2026,18051219,KH,12.56568,104.99096,53055000000.0,630254000000.0
Cameroon,2026,30640817,CM,7.36972,12.35472,60213000000.0,716538000000.0
Canada,2026,41939012,CA,56.13037,-106.34677,2332563000000.0,28738085000000.0
Central African Republic,2026,5698984,CF,6.61111,20.93944,3187000000.0,39145000000.0
Chad,2026,21560380,TD,15.45417,18.73221,19732000000.0,245349000000.0
Chile,2026,19945850,CL,-35.67515,-71.54297,357690000000.0,4402607000000.0
Colombia,2026,53936226,CO,4.57087,-74.29733,445650000000.0,5249421000000.0
Costa Rica,2026,5174789,CR,9.74892,-83.75343,108600000000.0,1220181000000.0
Cyprus,2026,1382334,CY,35.12641,33.42986,40629000000.0,469995000000.0
Denmark,2026,6010438,DK,56.26392,9.50179,473665000000.0,5720441000000.0
Djibouti,2026,1199459,DJ,11.82514,42.59028,4959000000.0,57624000000.0
Dominican Republic,2026,11609500,DO,18.73569,-70.16265,135112000000.0,1615196000000.0
Ecuador,2026,18444506,EC,-1.83124,-78.18341,130310000000.0,1608553000000.0
El Salvador,2026,6391253,SV,13.79419,-88.89653,38476000000.0,456899000000.0
Finland,2026,5629420,FI,61.92411,25.74815,315822000000.0,3972166000000.0
France,2026,68687528,FR,46.22764,2.21375,3317916000000.0,41002981000000.0
Gabon,2026,2647399,GA,-0.80369,11.60944,20921000000.0,263455000000.0
Georgia,2026,3671679,GE,42.31541,43.35689,36763000000.0,399577000000.0
Germany,2026,82613104,DE,51.16569,10.45153,4911746000000.0,60635461000000.0
Ghana,2026,35697557,GH,7.94653,-1.02319,92300000000.0,1130811000000.0
Greece,2026,10303314,GR,39.07421,21.82431,279637000000.0,3312713000000.0
Guatemala,2026,18967978,GT,15.78347,-90.23076,131178000000.0,1516710000000.0
Guinea,2026,15441993,GN,9.94559,-9.69665,35239000000.0,396065000000.0
Guyana,2026,840890,GY,4.86042,-58.93018,28167000000.0,282379000000.0
Haiti,2026,12037506,HT,18.97119,-72.28522,37476000000.0,362350000000.0
Hungary,2026,9469213,HU,47.16249,19.5033,253087000000.0,2941004000000.0
Iceland,2026,412616,IS,64.96305,-19.02084,38312000000.0,453247000000.0
India,2026,1476625576,IN,20.59368,78.96288,4601225000000.0,54634783000000.0
Indonesia,2026,287886782,ID,-0.78928,113.92133,1535057000000.0,18868855000000.0
Ireland,2026,5476864,IE,53.41291,-8.24389,623492000000.0,7430812000000.0
Israel,2026,10247303,IL,31.04605,34.85161,610712000000.0,7183975000000.0
Italy,2026,58513356,IT,41.87194,12.56738,2504607000000.0,30602465000000.0
Jamaica,2026,2833403,JM,18.10958,-77.29751,22214000000.0,256804000000.0
Japan,2026,122408104,JP,36.20482,138.25292,4373091000000.0,60365542000000.0
Jordan,2026,11589532,JO,30.58516,36.23841,59230000000.0,718597000000.0
Kenya,2026,58636412,KE,-0.02356,37.90619,127968000000.0,1591969000000.0
Kuwait,2026,5127132,KW,29.31166,47.48177,155958000000.0,2045067000000.0
Liberia,2026,5853949,LR,6.42806,-9.4295,5490000000.0,62652000000.0
Libya,2026,7539851,LY,26.3351,17.22833,48722000000.0,666655000000.0
Luxembourg,2026,691529,LU,49.81527,6.12958,100440000000.0,1206161000000.0
Malawi,2026,22785535,MW,-13.25431,34.30153,14632000000.0,178493000000.0
Malaysia,2026,36385115,MY,4.21048,101.97577,475129000000.0,5785875000000.0
Maldives,2026,531517,MV,3.20278,73.22068,8119000000.0,93180000000.0
Mali,2026,25932275,ML,17.57069,-3.99617,24821000000.0,300793000000.0
Malta,2026,580870,MT,35.9375,14.37542,27488000000.0,315252000000.0
Mauritius,2026,1254462,MU,-20.3484,57.55215,16638000000.0,203318000000.0
Mongolia,2026,3606837,MN,46.8625,103.84666,27981000000.0,304365000000.0
Montenegro,2026,610970,ME,42.70868,19.37439,9157000000.0,102738000000.0
Morocco,2026,38762441,MA,31.7917,-7.09262,176587000000.0,2115935000000.0
Myanmar,2026,55184819,MM,21.91397,95.95622,70365000000.0,926613000000.0
Nepal,2026,29629410,NP,28.39486,84.12401,49603000000.0,610305000000.0
New Zealand,2026,5407114,NZ,-40.90056,174.88597,259160000000.0,3297361000000.0
Niger,2026,28814878,NE,17.60779,8.08167,24148000000.0,270733000000.0
Nigeria,2026,242431832,NG,9.082,8.67528,192337000000.0,4188443000000.0
Norway,2026,5627018,NO,60.47202,8.46895,520593000000.0,6565710000000.0
Oman,2026,5671458,OM,21.51258,55.92326,107339000000.0,1369552000000.0
Panama,2026,4625718,PA,8.53798,-80.78213,97249000000.0,1149853000000.0
Paraguay,2026,7095279,PY,-23.4425,-58.44383,48088000000.0,596614000000.0
Peru,2026,34922148,PE,-9.18997,-75.01515,319095000000.0,3743448000000.0
Philippines,2026,117724471,PH,12.87972,121.77402,538789000000.0,6496060000000.0
Portugal,2026,10660391,PT,39.39987,-8.22445,336265000000.0,3952501000000.0
Qatar,2026,2968544,QA,25.35483,51.18388,236073000000.0,2909267000000.0
Romania,2026,18862244,RO,45.94316,24.96676,424375000000.0,4831843000000.0
Saudi Arabia,2026,36523804,SA,23.88594,45.07916,1122465000000.0,13866012000000.0
Senegal,2026,19366548,SN,14.4974,-14.45236,36784000000.0,436120000000.0
Seychelles,2026,125619,SC,-4.67957,55.49198,2284000000.0,27628000000.0
Sierra Leone,2026,8996745,SL,8.46056,-11.77989,8726000000.0,104391000000.0
Singapore,2026,6104208,SG,1.35208,103.81984,585946000000.0,6868048000000.0
Somalia,2026,20305907,SO,5.15215,46.19962,14144000000.0,165414000000.0
South Africa,2026,65453084,ZA,-30.55948,22.93751,424241000000.0,5432048000000.0
Spain,2026,48711548,ES,40.46367,-3.74922,1886218000000.0,22380822000000.0
Sudan,2026,53282719,SD,12.86281,30.21764,36362000000.0,496079000000.0
Sweden,2026,10646958,SE,60.12816,18.6435,649462000000.0,8187067000000.0
Switzerland,2026,9107564,CH,46.81819,8.22751,990523000000.0,11981294000000.0
Thailand,2026,71559614,TH,15.87003,100.99254,556756000000.0,7122497000000.0
Togo,2026,9930918,TG,8.61954,0.82478,10760000000.0,129364000000.0
Tunisia,2026,12415138,TN,33.88692,9.5375,57875000000.0,676775000000.0
Uganda,2026,52761469,UG,1.37333,32.29028,71421000000.0,808885000000.0
Ukraine,2026,39535849,UA,48.37943,31.16558,220408000000.0,2633063000000.0
United Arab Emirates,2026,11322893,AE,23.42408,53.84782,577424000000.0,6990436000000.0
United Kingdom,2026,69949520,GB,55.37805,-3.43597,4040844000000.0,47946865000000.0
United States,2026,343406112,US,37.09024,-95.71289,31717641000000.0,372518938000000.0
Uruguay,2026,3382537,UY,-32.52278,-55.76584,85164000000.0,1030856000000.0
Zambia,2026,22521915,ZM,-13.1339,27.84933,34237000000.0,417660000000.0
Zimbabwe,2026,17273580,ZW,-19.01544,29.15486,39491000000.0,478978000000.0
Albania,2027,2652755,AL,41.15333,20.16833,31382000000.0,330104000000.0
Algeria,2027,48593408,DZ,28.03389,1.65963,274520000000.0,3145938000000.0
Angola,2027,41415124,AO,-11.20269,17.87389,112743000000.0,1439229000000.0
Argentina,2027,46153342,AR,-38.4161,-63.61667,715766000000.0,8094978000000.0
Australia,2027,27928206,AU,-25.2744,133.77514,1914821000000.0,22874963000000.0
Austria,2027,9149501,AT,47.51623,14.55007,572442000000.0,6804768000000.0
Bangladesh,2027,179930175,BD,23.68499,90.35633,557136000000.0,6383522000000.0
Belgium,2027,11917991,BE,50.50389,4.46994,725385000000.0,8535322000000.0
Benin,2027,15529414,BJ,9.30769,2.31583,26048000000.0,284260000000.0
Bosnia and Herzegovina,2027,3088093,BA,43.91589,17.67908,31730000000.0,361674000000.0
Botswana,2027,2644642,BW,-22.32847,24.68487,22347000000.0,268304000000.0
Brazil,2027,214261025,BR,-14.235,-51.92528,2297360000000.0,27498145000000.0
Bulgaria,2027,6305372,BG,42.73388,25.48583,129562000000.0,1394653000000.0
Burkina Faso,2027,25130911,BF,12.23833,-1.56159,31525000000.0,331865000000.0
Burundi,2027,15076979,BI,-3.37306,29.91889,9244000000.0,80087000000.0
Cambodia,2027,18250145,KH,12.56568,104.99096,56857000000.0,630254000000.0
Cameroon,2027,31410384,CM,7.36972,12.35472,64485000000.0,716538000000.0
Canada,2027,42227928,CA,56.13037,-106.34677,2435529000000.0,28738085000000.0
Central African Republic,2027,5888123,CF,6.61111,20.93944,3547000000.0,39145000000.0
Chad,2027,22175375,TD,15.45417,18.73221,20675000000.0,245349000000.0
Chile,2027,20026154,CL,-35.67515,-71.54297,373212000000.0,4402607000000.0
Colombia,2027,54422266,CO,4.57087,-74.29733,466154000000.0,5249421000000.0
Costa Rica,2027,5195555,CR,9.74892,-83.75343,115153000000.0,1220181000000.0
Cyprus,2027,1393337,CY,35.12641,33.42986,42439000000.0,469995000000.0
Denmark,2027,6022921,DK,56.26392,9.50179,493376000000.0,5720441000000.0
Djibouti,2027,1215017,DJ,11.82514,42.59028,5335000000.0,57624000000.0
Dominican Republic,2027,11695940,DO,18.73569,-70.16265,144828000000.0,1615196000000.0
Ecuador,2027,18600320,EC,-1.83124,-78.18341,135350000000.0,1608553000000.0
El Salvador,2027,6416443,SV,13.79419,-88.89653,40354000000.0,456899000000.0
Finland,2027,5619416,FI,61.92411,25.74815,326344000000.0,3972166000000.0
France,2027,68759944,FR,46.22764,2.21375,3418285000000.0,41002981000000.0
Gabon,2027,2701851,GA,-0.80369,11.60944,21723000000.0,263455000000.0
Georgia,2027,3669551,GE,42.31541,43.35689,38664000000.0,399577000000.0
Germany,2027,82410904,DE,51.16569,10.45153,5083216000000.0,60635461000000.0
Ghana,2027,36328263,GH,7.94653,-1.02319,96762000000.0,1130811000000.0
Greece,2027,10258771,GR,39.07421,21.82431,288684000000.0,3312713000000.0
Guatemala,2027,19246007,GT,15.78347,-90.23076,141574000000.0,1516710000000.0
Guinea,2027,15784089,GN,9.94559,-9.69665,41120000000.0,396065000000.0
Guyana,2027,846019,GY,4.86042,-58.93018,32204000000.0,282379000000.0
Haiti,2027,12167807,HT,18.97119,-72.28522,38551000000.0,362350000000.0
Hungary,2027,9436861,HU,47.16249,19.5033,267594000000.0,2941004000000.0
Iceland,2027,415885,IS,64.96305,-19.02084,41395000000.0,453247000000.0
India,2027,1489164674,IN,20.59368,78.96288,5069470000000.0,54634783000000.0
Indonesia,2027,289986522,ID,-0.78928,113.92133,1649352000000.0,18868855000000.0
Ireland,2027,5520774,IE,53.41291,-8.24389,647247000000.0,7430812000000.0
Israel,2027,10383727,IL,31.04605,34.85161,638253000000.0,7183975000000.0
Italy,2027,58253900,IT,41.87194,12.56738,2566489000000.0,30602465000000.0
Jamaica,2027,2828530,JM,18.10958,-77.29751,22979000000.0,256804000000.0
Japan,2027,121597720,JP,36.20482,138.25292,4520523000000.0,60365542000000.0
Jordan,2027,11819463,JO,30.58516,36.23841,62532000000.0,718597000000.0
Kenya,2027,59745753,KE,-0.02356,37.90619,131798000000.0,1591969000000.0
Kuwait,2027,5187262,KW,29.31166,47.48177,162341000000.0,2045067000000.0
Liberia,2027,5986800,LR,6.42806,-9.4295,5864000000.0,62652000000.0
Libya,2027,7627488,LY,26.3351,17.22833,50180000000.0,666655000000.0
Luxembourg,2027,698278,LU,49.81527,6.12958,104767000000.0,1206161000000.0
Malawi,2027,23366188,MW,-13.25431,34.30153,15441000000.0,178493000000.0
Malaysia,2027,36785087,MY,4.21048,101.97577,503927000000.0,5785875000000.0
Maldives,2027,533431,MV,3.20278,73.22068,8620000000.0,93180000000.0
Mali,2027,26679169,ML,17.57069,-3.99617,26587000000.0,300793000000.0
Malta,2027,582335,MT,35.9375,14.37542,29135000000.0,315252000000.0
Mauritius,2027,1251682,MU,-20.3484,57.55215,17653000000.0,203318000000.0
Mongolia,2027,3646059,MN,46.8625,103.84666,29965000000.0,304365000000.0
Montenegro,2027,607747,ME,42.70868,19.37439,9612000000.0,102738000000.0
Morocco,2027,39080099,MA,31.7917,-7.09262,187662000000.0,2115935000000.0
Myanmar,2027,55502482,MM,21.91397,95.95622,76178000000.0,926613000000.0
Nepal,2027,29727162,NP,28.39486,84.12401,54449000000.0,610305000000.0
New Zealand,2027,5437918,NZ,-40.90056,174.88597,270294000000.0,3297361000000.0
Niger,2027,29723696,NE,17.60779,8.08167,26186000000.0,270733000000.0
Nigeria,2027,247374263,NG,9.082,8.67528,211802000000.0,4188443000000.0
Norway,2027,5644310,NO,60.47202,8.46895,538234000000.0,6565710000000.0
Oman,2027,5814722,OM,21.51258,55.92326,113347000000.0,1369552000000.0
Panama,2027,4679242,PA,8.53798,-80.78213,103161000000.0,1149853000000.0
Paraguay,2027,7175674,PY,-23.4425,-58.44383,50745000000.0,596614000000.0
Peru,2027,35255685,PE,-9.18997,-75.01515,333627000000.0,3743448000000.0
Philippines,2027,118656413,PH,12.87972,121.77402,586087000000.0,6496060000000.0
Portugal,2027,10638076,PT,39.39987,-8.22445,347893000000.0,3952501000000.0
Qatar,2027,3008660,QA,25.35483,51.18388,256377000000.0,2909267000000.0
Romania,2027,18757478,RO,45.94316,24.96676,446232000000.0,4831843000000.0
Saudi Arabia,2027,37127512,SA,23.88594,45.07916,1180930000000.0,13866012000000.0
Senegal,2027,19807247,SN,14.4974,-14.45236,39299000000.0,436120000000.0
Seychelles,2027,127391,SC,-4.67957,55.49198,2388000000.0,27628000000.0
Sierra Leone,2027,9174692,SL,8.46056,-11.77989,9142000000.0,104391000000.0
Singapore,2027,6137423,SG,1.35208,103.81984,611464000000.0,6868048000000.0
Somalia,2027,20959063,SO,5.15215,46.19962,15567000000.0,165414000000.0
South Africa,2027,66143022,ZA,-30.55948,22.93751,439310000000.0,5432048000000.0
Spain,2027,48649388,ES,40.46367,-3.74922,1961594000000.0,22380822000000.0
Sudan,2027,54724217,SD,12.86281,30.21764,42730000000.0,496079000000.0
Sweden,2027,10679566,SE,60.12816,18.6435,677464000000.0,8187067000000.0
Switzerland,2027,9138239,CH,46.81819,8.22751,1028968000000.0,11981294000000.0
Thailand,2027,71488156,TH,15.87003,100.99254,573857000000.0,7122497000000.0
Togo,2027,10142996,TG,8.61954,0.82478,11570000000.0,129364000000.0
Tunisia,2027,12476097,TN,33.88692,9.5375,58656000000.0,676775000000.0
Uganda,2027,54144272,UG,1.37333,32.29028,78775000000.0,808885000000.0
Ukraine,2027,39245209,UA,48.37943,31.16558,234821000000.0,2633063000000.0
United Arab Emirates,2027,11483190,AE,23.42408,53.84782,614689000000.0,6990436000000.0
United Kingdom,2027,70283608,GB,55.37805,-3.43597,4239513000000.0,47946865000000.0
United States,2027,344953696,US,37.09024,-95.71289,32941710000000.0,372518938000000.0
Uruguay,2027,3380240,UY,-32.52278,-55.76584,90702000000.0,1030856000000.0
Zambia,2027,23138720,ZM,-13.1339,27.84933,40161000000.0,417660000000.0
Zimbabwe,2027,17600613,ZW,-19.01544,29.15486,40925000000.0,478978000000.0
Albania,2028,2632912,AL,41.15333,20.16833,33354000000.0,330104000000.0
Algeria,2028,49135522,DZ,28.03389,1.65963,279983000000.0,3145938000000.0
Angola,2028,42641676,AO,-11.20269,17.87389,118534000000.0,1439229000000.0
Argentina,2028,46299946,AR,-38.4161,-63.61667,712668000000.0,8094978000000.0
Australia,2028,28160036,AU,-25.2744,133.77514,1995441000000.0,22874963000000.0
Austria,2028,9142447,AT,47.51623,14.55007,591248000000.0,6804768000000.0
Bangladesh,2028,182014774,BD,23.68499,90.35633,606807000000.0,6383522000000.0
Belgium,2028,11927745,BE,50.50389,4.46994,746660000000.0,8535322000000.0
Benin,2028,15890280,BJ,9.30769,2.31583,28152000000.0,284260000000.0
Bosnia and Herzegovina,2028,3062436,BA,43.91589,17.67908,33328000000.0,361674000000.0
Botswana,2028,2685608,BW,-22.32847,24.68487,24148000000.0,268304000000.0
Brazil,2028,214911373,BR,-14.235,-51.92528,2414121000000.0,27498145000000.0
Bulgaria,2028,6254180,BG,42.73388,25.48583,136128000000.0,1394653000000.0
Burkina Faso,2028,25661941,BF,12.23833,-1.56159,33834000000.0,331865000000.0
Burundi,2028,15444014,BI,-3.37306,29.91889,9738000000.0,80087000000.0
Cambodia,2028,18446771,KH,12.56568,104.99096,61248000000.0,630254000000.0
Cameroon,2028,32190668,CM,7.36972,12.35472,69281000000.0,716538000000.0
Canada,2028,42506868,CA,56.13037,-106.34677,2542339000000.0,28738085000000.0
Central African Republic,2028,6082465,CF,6.61111,20.93944,3764000000.0,39145000000.0
Chad,2028,22847750,TD,15.45417,18.73221,21769000000.0,245349000000.0
Chile,2028,20100933,CL,-35.67515,-71.54297,389242000000.0,4402607000000.0
Colombia,2028,54885116,CO,4.57087,-74.29733,488083000000.0,5249421000000.0
Costa Rica,2028,5215253,CR,9.74892,-83.75343,122141000000.0,1220181000000.0
Cyprus,2028,1403776,CY,35.12641,33.42986,44334000000.0,469995000000.0
Denmark,2028,6033245,DK,56.26392,9.50179,512752000000.0,5720441000000.0
Djibouti,2028,1230585,DJ,11.82514,42.59028,5745000000.0,57624000000.0
Dominican Republic,2028,11779927,DO,18.73569,-70.16265,155291000000.0,1615196000000.0
Ecuador,2028,18757226,EC,-1.83124,-78.18341,140863000000.0,1608553000000.0
El Salvador,2028,6440934,SV,13.79419,-88.89653,42364000000.0,456899000000.0
Finland,2028,5608310,FI,61.92411,25.74815,337007000000.0,3972166000000.0
France,2028,68821968,FR,46.22764,2.21375,3526684000000.0,41002981000000.0
Gabon,2028,2756477,GA,-0.80369,11.60944,22609000000.0,263455000000.0
Georgia,2028,3667563,GE,42.31541,43.35689,40705000000.0,399577000000.0
Germany,2028,82209888,DE,51.16569,10.45153,5251928000000.0,60635461000000.0
Ghana,2028,36959314,GH,7.94653,-1.02319,101673000000.0,1130811000000.0
Greece,2028,10213413,GR,39.07421,21.82431,298640000000.0,3312713000000.0
Guatemala,2028,19521505,GT,15.78347,-90.23076,152695000000.0,1516710000000.0
Guinea,2028,16126575,GN,9.94559,-9.69665,47404000000.0,396065000000.0
Guyana,2028,851158,GY,4.86042,-58.93018,35691000000.0,282379000000.0
Haiti,2028,12297294,HT,18.97119,-72.28522,39667000000.0,362350000000.0
Hungary,2028,9402987,HU,47.16249,19.5033,282989000000.0,2941004000000.0
Iceland,2028,418852,IS,64.96305,-19.02084,44893000000.0,453247000000.0
India,2028,1501432739,IN,20.59368,78.96288,5584476000000.0,54634783000000.0
Indonesia,2028,292016779,ID,-0.78928,113.92133,1779011000000.0,18868855000000.0
Ireland,2028,5562087,IE,53.41291,-8.24389,675102000000.0,7430812000000.0
Israel,2028,10520570,IL,31.04605,34.85161,667600000000.0,7183975000000.0
Italy,2028,57996388,IT,41.87194,12.56738,2634076000000.0,30602465000000.0
Jamaica,2028,2822867,JM,18.10958,-77.29751,23771000000.0,256804000000.0
Japan,2028,120779192,JP,36.20482,138.25292,4708707000000.0,60365542000000.0
Jordan,2028,12034460,JO,30.58516,36.23841,66018000000.0,718597000000.0
Kenya,2028,60860444,KE,-0.02356,37.90619,140341000000.0,1591969000000.0
Kuwait,2028,5239969,KW,29.31166,47.48177,169169000000.0,2045067000000.0
Liberia,2028,6118760,LR,6.42806,-9.4295,6268000000.0,62652000000.0
Libya,2028,7716842,LY,26.3351,17.22833,51961000000.0,666655000000.0
Luxembourg,2028,704935,LU,49.81527,6.12958,109193000000.0,1206161000000.0
Malawi,2028,23954450,MW,-13.25431,34.30153,16334000000.0,178493000000.0
Malaysia,2028,37182770,MY,4.21048,101.97577,534617000000.0,5785875000000.0
Maldives,2028,535494,MV,3.20278,73.22068,9144000000.0,93180000000.0
Mali,2028,27440610,ML,17.57069,-3.99617,28486000000.0,300793000000.0
Malta,2028,583473,MT,35.9375,14.37542,30894000000.0,315252000000.0
Mauritius,2028,1248752,MU,-20.3484,57.55215,18717000000.0,203318000000.0
Mongolia,2028,3684148,MN,46.8625,103.84666,32326000000.0,304365000000.0
Montenegro,2028,604436,ME,42.70868,19.37439,10107000000.0,102738000000.0
Morocco,2028,39384126,MA,31.7917,-7.09262,199368000000.0,2115935000000.0
Myanmar,2028,55802774,MM,21.91397,95.95622,82373000000.0,926613000000.0
Nepal,2028,29947585,NP,28.39486,84.12401,59728000000.0,610305000000.0
New Zealand,2028,5466057,NZ,-40.90056,174.88597,281646000000.0,3297361000000.0
Niger,2028,30643563,NE,17.60779,8.08167,28298000000.0,270733000000.0
Nigeria,2028,252346128,NG,9.082,8.67528,236525000000.0,4188443000000.0
Norway,2028,5660178,NO,60.47202,8.46895,555165000000.0,6565710000000.0
Oman,2028,5929317,OM,21.51258,55.92326,119604000000.0,1369552000000.0
Panama,2028,4731816,PA,8.53798,-80.78213,109433000000.0,1149853000000.0
Paraguay,2028,7254524,PY,-23.4425,-58.44383,53554000000.0,596614000000.0
Peru,2028,35578288,PE,-9.18997,-75.01515,348299000000.0,3743448000000.0
Philippines,2028,119583981,PH,12.87972,121.77402,638178000000.0,6496060000000.0
Portugal,2028,10612318,PT,39.39987,-8.22445,360829000000.0,3952501000000.0
Qatar,2028,3045513,QA,25.35483,51.18388,269131000000.0,2909267000000.0
Romania,2028,18650100,RO,45.94316,24.96676,470105000000.0,4831843000000.0
Saudi Arabia,2028,37717172,SA,23.88594,45.07916,1242552000000.0,13866012000000.0
Senegal,2028,20254563,SN,14.4974,-14.45236,42114000000.0,436120000000.0
Seychelles,2028,128775,SC,-4.67957,55.49198,2498000000.0,27628000000.0
Sierra Leone,2028,9349025,SL,8.46056,-11.77989,9592000000.0,104391000000.0
Singapore,2028,6169252,SG,1.35208,103.81984,639122000000.0,6868048000000.0
Somalia,2028,21601816,SO,5.15215,46.19962,16976000000.0,165414000000.0
South Africa,2028,66830385,ZA,-30.55948,22.93751,455523000000.0,5432048000000.0
Spain,2028,48576944,ES,40.46367,-3.74922,2037746000000.0,22380822000000.0
Sudan,2028,55993834,SD,12.86281,30.21764,47008000000.0,496079000000.0
Sweden,2028,10708545,SE,60.12816,18.6435,704540000000.0,8187067000000.0
Switzerland,2028,9165520,CH,46.81819,8.22751,1074152000000.0,11981294000000.0
Thailand,2028,71406994,TH,15.87003,100.99254,593755000000.0,7122497000000.0
Togo,2028,10356496,TG,8.61954,0.82478,12443000000.0,129364000000.0
Tunisia,2028,12531992,TN,33.88692,9.5375,59967000000.0,676775000000.0
Uganda,2028,55532558,UG,1.37333,32.29028,85883000000.0,808885000000.0
Ukraine,2028,38952090,UA,48.37943,31.16558,250078000000.0,2633063000000.0
United Arab Emirates,2028,11624228,AE,23.42408,53.84782,654065000000.0,6990436000000.0
United Kingdom,2028,70595968,GB,55.37805,-3.43597,4457367000000.0,47946865000000.0
United States,2028,346506912,US,37.09024,-95.71289,34342132000000.0,372518938000000.0
Uruguay,2028,3377890,UY,-32.52278,-55.76584,96223000000.0,1030856000000.0
Zambia,2028,23761373,ZM,-13.1339,27.84933,43668000000.0,417660000000.0
Zimbabwe,2028,17932008,ZW,-19.01544,29.15486,42340000000.0,478978000000.0
Albania,2029,2613254,AL,41.15333,20.16833,35462000000.0,330104000000.0
Algeria,2029,49655378,DZ,28.03389,1.65963,285271000000.0,3145938000000.0
Angola,2029,43891851,AO,-11.20269,17.87389,125036000000.0,1439229000000.0
Argentina,2029,46443764,AR,-38.4161,-63.61667,738395000000.0,8094978000000.0
Australia,2029,28381724,AU,-25.2744,133.77514,2083608000000.0,22874963000000.0
Austria,2029,9133088,AT,47.51623,14.55007,609827000000.0,6804768000000.0
Bangladesh,2029,184064620,BD,23.68499,90.35633,672750000000.0,6383522000000.0
Belgium,2029,11936090,BE,50.50389,4.46994,768493000000.0,8535322000000.0
Benin,2029,16253920,BJ,9.30769,2.31583,30451000000.0,284260000000.0
Bosnia and Herzegovina,2029,3037871,BA,43.91589,17.67908,35019000000.0,361674000000.0
Botswana,2029,2726044,BW,-22.32847,24.68487,26371000000.0,268304000000.0
Brazil,2029,215515171,BR,-14.235,-51.92528,2542873000000.0,27498145000000.0
Bulgaria,2029,6201471,BG,42.73388,25.48583,143103000000.0,1394653000000.0
Burkina Faso,2029,26194607,BF,12.23833,-1.56159,36393000000.0,331865000000.0
Burundi,2029,15815855,BI,-3.37306,29.91889,9917000000.0,80087000000.0
Cambodia,2029,18639393,KH,12.56568,104.99096,66025000000.0,630254000000.0
Cameroon,2029,32979283,CM,7.36972,12.35472,74447000000.0,716538000000.0
Canada,2029,42768916,CA,56.13037,-106.34677,2657894000000.0,28738085000000.0
Central African Republic,2029,6279732,CF,6.61111,20.93944,4010000000.0,39145000000.0
Chad,2029,23526039,TD,15.45417,18.73221,22898000000.0,245349000000.0
Chile,2029,20169624,CL,-35.67515,-71.54297,405801000000.0,4402607000000.0
Colombia,2029,55322626,CO,4.57087,-74.29733,510905000000.0,5249421000000.0
Costa Rica,2029,5233881,CR,9.74892,-83.75343,129377000000.0,1220181000000.0
Cyprus,2029,1413341,CY,35.12641,33.42986,46381000000.0,469995000000.0
Denmark,2029,6041982,DK,56.26392,9.50179,533284000000.0,5720441000000.0
Djibouti,2029,1246670,DJ,11.82514,42.59028,6126000000.0,57624000000.0
Dominican Republic,2029,11860811,DO,18.73569,-70.16265,166422000000.0,1615196000000.0
Ecuador,2029,18914095,EC,-1.83124,-78.18341,146638000000.0,1608553000000.0
El Salvador,2029,6464414,SV,13.79419,-88.89653,44312000000.0,456899000000.0
Finland,2029,5596227,FI,61.92411,25.74815,348457000000.0,3972166000000.0
France,2029,68880272,FR,46.22764,2.21375,3637929000000.0,41002981000000.0
Gabon,2029,2811346,GA,-0.80369,11.60944,23502000000.0,263455000000.0
Georgia,2029,3664069,GE,42.31541,43.35689,42896000000.0,399577000000.0
Germany,2029,82003392,DE,51.16569,10.45153,5416003000000.0,60635461000000.0
Ghana,2029,37589710,GH,7.94653,-1.02319,110710000000.0,1130811000000.0
Greece,2029,10167758,GR,39.07421,21.82431,308815000000.0,3312713000000.0
Guatemala,2029,19795179,GT,15.78347,-90.23076,164834000000.0,1516710000000.0
Guinea,2029,16466756,GN,9.94559,-9.69665,55374000000.0,396065000000.0
Guyana,2029,856044,GY,4.86042,-58.93018,39543000000.0,282379000000.0
Haiti,2029,12425439,HT,18.97119,-72.28522,39849000000.0,362350000000.0
Hungary,2029,9367102,HU,47.16249,19.5033,299580000000.0,2941004000000.0
Iceland,2029,421366,IS,64.96305,-19.02084,48632000000.0,453247000000.0
India,2029,1513423731,IN,20.59368,78.96288,6148426000000.0,54634783000000.0
Indonesia,2029,293978109,ID,-0.78928,113.92133,1916671000000.0,18868855000000.0
Ireland,2029,5599779,IE,53.41291,-8.24389,703501000000.0,7430812000000.0
Israel,2029,10655717,IL,31.04605,34.85161,698299000000.0,7183975000000.0
Italy,2029,57736344,IT,41.87194,12.56738,2705116000000.0,30602465000000.0
Jamaica,2029,2816397,JM,18.10958,-77.29751,24592000000.0,256804000000.0
Japan,2029,119961696,JP,36.20482,138.25292,4828281000000.0,60365542000000.0
Jordan,2029,12245731,JO,30.58516,36.23841,69698000000.0,718597000000.0
Kenya,2029,61979187,KE,-0.02356,37.90619,150725000000.0,1591969000000.0
Kuwait,2029,5288887,KW,29.31166,47.48177,176134000000.0,2045067000000.0
Liberia,2029,6245086,LR,6.42806,-9.4295,6684000000.0,62652000000.0
Libya,2029,7802212,LY,26.3351,17.22833,54194000000.0,666655000000.0
Luxembourg,2029,711115,LU,49.81527,6.12958,113820000000.0,1206161000000.0
Malawi,2029,24553502,MW,-13.25431,34.30153,17290000000.0,178493000000.0
Malaysia,2029,37574288,MY,4.21048,101.97577,565411000000.0,5785875000000.0
Maldives,2029,537571,MV,3.20278,73.22068,9698000000.0,93180000000.0
Mali,2029,28215512,ML,17.57069,-3.99617,30541000000.0,300793000000.0
Malta,2029,584291,MT,35.9375,14.37542,32773000000.0,315252000000.0
Mauritius,2029,1245665,MU,-20.3484,57.55215,19821000000.0,203318000000.0
Mongolia,2029,3721283,MN,46.8625,103.84666,34573000000.0,304365000000.0
Montenegro,2029,601021,ME,42.70868,19.37439,10631000000.0,102738000000.0
Morocco,2029,39674560,MA,31.7917,-7.09262,211597000000.0,2115935000000.0
Myanmar,2029,56085140,MM,21.91397,95.95622,85757000000.0,926613000000.0
Nepal,2029,30232112,NP,28.39486,84.12401,65494000000.0,610305000000.0
New Zealand,2029,5492489,NZ,-40.90056,174.88597,293869000000.0,3297361000000.0
Niger,2029,31575094,NE,17.60779,8.08167,30593000000.0,270733000000.0
Nigeria,2029,257352638,NG,9.082,8.67528,264516000000.0,4188443000000.0
Norway,2029,5674924,NO,60.47202,8.46895,572965000000.0,6565710000000.0
Oman,2029,6026177,OM,21.51258,55.92326,126247000000.0,1369552000000.0
Panama,2029,4783372,PA,8.53798,-80.78213,116087000000.0,1149853000000.0
Paraguay,2029,7331905,PY,-23.4425,-58.44383,56532000000.0,596614000000.0
Peru,2029,35890709,PE,-9.18997,-75.01515,364090000000.0,3743448000000.0
Philippines,2029,120502129,PH,12.87972,121.77402,695311000000.0,6496060000000.0
Portugal,2029,10587467,PT,39.39987,-8.22445,374432000000.0,3952501000000.0
Qatar,2029,3079202,QA,25.35483,51.18388,278701000000.0,2909267000000.0
Romania,2029,18538544,RO,45.94316,24.96676,496488000000.0,4831843000000.0
Saudi Arabia,2029,38282420,SA,23.88594,45.07916,1307069000000.0,13866012000000.0
Senegal,2029,20706625,SN,14.4974,-14.45236,44931000000.0,436120000000.0
Seychelles,2029,129713,SC,-4.67957,55.49198,2613000000.0,27628000000.0
Sierra Leone,2029,9520817,SL,8.46056,-11.77989,10067000000.0,104391000000.0
Singapore,2029,6196228,SG,1.35208,103.81984,667781000000.0,6868048000000.0
Somalia,2029,22247719,SO,5.15215,46.19962,18253000000.0,165414000000.0
South Africa,2029,67506849,ZA,-30.55948,22.93751,472093000000.0,5432048000000.0
Spain,2029,48494372,ES,40.46367,-3.74922,2117209000000.0,22380822000000.0
Sudan,2029,57275440,SD,12.86281,30.21764,50616000000.0,496079000000.0
Sweden,2029,10734623,SE,60.12816,18.6435,732485000000.0,8187067000000.0
Switzerland,2029,9188640,CH,46.81819,8.22751,1113974000000.0,11981294000000.0
Thailand,2029,71316193,TH,15.87003,100.99254,616061000000.0,7122497000000.0
Togo,2029,10572460,TG,8.61954,0.82478,13392000000.0,129364000000.0
Tunisia,2029,12582708,TN,33.88692,9.5375,61078000000.0,676775000000.0
Uganda,2029,56922790,UG,1.37333,32.29028,94837000000.0,808885000000.0
Ukraine,2029,38654410,UA,48.37943,31.16558,266307000000.0,2633063000000.0
United Arab Emirates,2029,11755714,AE,23.42408,53.84782,695217000000.0,6990436000000.0
United Kingdom,2029,70887440,GB,55.37805,-3.43597,4701933000000.0,47946865000000.0
United States,2029,347988928,US,37.09024,-95.71289,35712824000000.0,372518938000000.0
Uruguay,2029,3375427,UY,-32.52278,-55.76584,101236000000.0,1030856000000.0
Zambia,2029,24389686,ZM,-13.1339,27.84933,47092000000.0,417660000000.0
Zimbabwe,2029,18268955,ZW,-19.01544,29.15486,43836000000.0,478978000000.0
Albania,2030,2593121,AL,41.15333,20.16833,37683000000.0,330104000000.0
Algeria,2030,50154166,DZ,28.03389,1.65963,290941000000.0,3145938000000.0
Angola,2030,45160458,AO,-11.20269,17.87389,132281000000.0,1439229000000.0
Argentina,2030,46585022,AR,-38.4161,-63.61667,776815000000.0,8094978000000.0
Australia,2030,28602332,AU,-25.2744,133.77514,2181788000000.0,22874963000000.0
Austria,2030,9121729,AT,47.51623,14.55007,628259000000.0,6804768000000.0
Bangladesh,2030,186072407,BD,23.68499,90.35633,740875000000.0,6383522000000.0
Belgium,2030,11941968,BE,50.50389,4.46994,791414000000.0,8535322000000.0
Benin,2030,16618822,BJ,9.30769,2.31583,32917000000.0,284260000000.0
Bosnia and Herzegovina,2030,3013974,BA,43.91589,17.67908,36788000000.0,361674000000.0
Botswana,2030,2765918,BW,-22.32847,24.68487,28591000000.0,268304000000.0
Brazil,2030,216074411,BR,-14.235,-51.92528,2679565000000.0,27498145000000.0
Bulgaria,2030,6147404,BG,42.73388,25.48583,150310000000.0,1394653000000.0
Burkina Faso,2030,26730324,BF,12.23833,-1.56159,39097000000.0,331865000000.0
Burundi,2030,16182016,BI,-3.37306,29.91889,10622000000.0,80087000000.0
Cambodia,2030,18827388,KH,12.56568,104.99096,71242000000.0,630254000000.0
Cameroon,2030,33777190,CM,7.36972,12.35472,80028000000.0,716538000000.0
Canada,2030,43023604,CA,56.13037,-106.34677,2792323000000.0,28738085000000.0
Central African Republic,2030,6478245,CF,6.61111,20.93944,4279000000.0,39145000000.0
Chad,2030,24207479,TD,15.45417,18.73221,24120000000.0,245349000000.0
Chile,2030,20233183,CL,-35.67515,-71.54297,422793000000.0,4402607000000.0
Colombia,2030,55736475,CO,4.57087,-74.29733,534345000000.0,5249421000000.0
Costa Rica,2030,5251497,CR,9.74892,-83.75343,137040000000.0,1220181000000.0
Cyprus,2030,1422318,CY,35.12641,33.42986,48528000000.0,469995000000.0
Denmark,2030,6049480,DK,56.26392,9.50179,554224000000.0,5720441000000.0
Djibouti,2030,1262678,DJ,11.82514,42.59028,6596000000.0,57624000000.0
Dominican Republic,2030,11938852,DO,18.73569,-70.16265,178498000000.0,1615196000000.0
Ecuador,2030,19069719,EC,-1.83124,-78.18341,152588000000.0,1608553000000.0
El Salvador,2030,6486207,SV,13.79419,-88.89653,46436000000.0,456899000000.0
Finland,2030,5583650,FI,61.92411,25.74815,361008000000.0,3972166000000.0
France,2030,68929736,FR,46.22764,2.21375,3754780000000.0,41002981000000.0
Gabon,2030,2866667,GA,-0.80369,11.60944,24467000000.0,263455000000.0
Georgia,2030,3660214,GE,42.31541,43.35689,45246000000.0,399577000000.0
Germany,2030,81807960,DE,51.16569,10.45153,5575689000000.0,60635461000000.0
Ghana,2030,38222089,GH,7.94653,-1.02319,118609000000.0,1130811000000.0
Greece,2030,10121941,GR,39.07421,21.82431,319516000000.0,3312713000000.0
Guatemala,2030,20067253,GT,15.78347,-90.23076,177938000000.0,1516710000000.0
Guinea,2030,16807147,GN,9.94559,-9.69665,63028000000.0,396065000000.0
Guyana,2030,861038,GY,4.86042,-58.93018,41182000000.0,282379000000.0
Haiti,2030,12552359,HT,18.97119,-72.28522,40835000000.0,362350000000.0
Hungary,2030,9330088,HU,47.16249,19.5033,317342000000.0,2941004000000.0
Iceland,2030,423678,IS,64.96305,-19.02084,52753000000.0,453247000000.0
India,2030,1525138844,IN,20.59368,78.96288,6769816000000.0,54634783000000.0
Indonesia,2030,295876648,ID,-0.78928,113.92133,2065514000000.0,18868855000000.0
Ireland,2030,5634241,IE,53.41291,-8.24389,734181000000.0,7430812000000.0
Israel,2030,10795123,IL,31.04605,34.85161,730427000000.0,7183975000000.0
Italy,2030,57461640,IT,41.87194,12.56738,2779440000000.0,30602465000000.0
Jamaica,2030,2808954,JM,18.10958,-77.29751,25435000000.0,256804000000.0
Japan,2030,119141136,JP,36.20482,138.25292,4994892000000.0,60365542000000.0
Jordan,2030,12448776,JO,30.58516,36.23841,73584000000.0,718597000000.0
Kenya,2030,63102245,KE,-0.02356,37.90619,161759000000.0,1591969000000.0
Kuwait,2030,5335372,KW,29.31166,47.48177,183090000000.0,2045067000000.0
Liberia,2030,6366291,LR,6.42806,-9.4295,7108000000.0,62652000000.0
Libya,2030,7885806,LY,26.3351,17.22833,56688000000.0,666655000000.0
Luxembourg,2030,716930,LU,49.81527,6.12958,118641000000.0,1206161000000.0
Malawi,2030,25160287,MW,-13.25431,34.30153,17835000000.0,178493000000.0
Malaysia,2030,37961719,MY,4.21048,101.97577,599678000000.0,5785875000000.0
Maldives,2030,539667,MV,3.20278,73.22068,10289000000.0,93180000000.0
Mali,2030,29002865,ML,17.57069,-3.99617,32752000000.0,300793000000.0
Malta,2030,584918,MT,35.9375,14.37542,34791000000.0,315252000000.0
Mauritius,2030,1242561,MU,-20.3484,57.55215,20968000000.0,203318000000.0
Mongolia,2030,3758038,MN,46.8625,103.84666,36657000000.0,304365000000.0
Montenegro,2030,597537,ME,42.70868,19.37439,11177000000.0,102738000000.0
Morocco,2030,39953460,MA,31.7917,-7.09262,224509000000.0,2115935000000.0
Myanmar,2030,56351031,MM,21.91397,95.95622,89117000000.0,926613000000.0
Nepal,2030,30509996,NP,28.39486,84.12401,71783000000.0,610305000000.0
New Zealand,2030,5516696,NZ,-40.90056,174.88597,306301000000.0,3297361000000.0
Niger,2030,32518075,NE,17.60779,8.08167,33083000000.0,270733000000.0
Nigeria,2030,262380970,NG,9.082,8.67528,297439000000.0,4188443000000.0
Norway,2030,5688955,NO,60.47202,8.46895,591969000000.0,6565710000000.0
Oman,2030,6112706,OM,21.51258,55.92326,133172000000.0,1369552000000.0
Panama,2030,4833859,PA,8.53798,-80.78213,123145000000.0,1149853000000.0
Paraguay,2030,7407618,PY,-23.4425,-58.44383,59637000000.0,596614000000.0
Peru,2030,36193880,PE,-9.18997,-75.01515,380757000000.0,3743448000000.0
Philippines,2030,121408895,PH,12.87972,121.77402,757672000000.0,6496060000000.0
Portugal,2030,10564045,PT,39.39987,-8.22445,388164000000.0,3952501000000.0
Qatar,2030,3110328,QA,25.35483,51.18388,292196000000.0,2909267000000.0
Romania,2030,18425064,RO,45.94316,24.96676,524867000000.0,4831843000000.0
Saudi Arabia,2030,38805216,SA,23.88594,45.07916,1374158000000.0,13866012000000.0
Senegal,2030,21163192,SN,14.4974,-14.45236,48347000000.0,436120000000.0
Seychelles,2030,130069,SC,-4.67957,55.49198,2756000000.0,27628000000.0
Sierra Leone,2030,9694858,SL,8.46056,-11.77989,10553000000.0,104391000000.0
Singapore,2030,6220949,SG,1.35208,103.81984,698073000000.0,6868048000000.0
Somalia,2030,22915044,SO,5.15215,46.19962,19534000000.0,165414000000.0
South Africa,2030,68161359,ZA,-30.55948,22.93751,490013000000.0,5432048000000.0
Spain,2030,48395740,ES,40.46367,-3.74922,2201213000000.0,22380822000000.0
Sudan,2030,58571616,SD,12.86281,30.21764,53619000000.0,496079000000.0
Sweden,2030,10758480,SE,60.12816,18.6435,761499000000.0,8187067000000.0
Switzerland,2030,9210672,CH,46.81819,8.22751,1162661000000.0,11981294000000.0
Thailand,2030,71215022,TH,15.87003,100.99254,640494000000.0,7122497000000.0
Togo,2030,10792997,TG,8.61954,0.82478,14411000000.0,129364000000.0
Tunisia,2030,12628142,TN,33.88692,9.5375,62809000000.0,676775000000.0
Uganda,2030,58312940,UG,1.37333,32.29028,105314000000.0,808885000000.0
Ukraine,2030,38353853,UA,48.37943,31.16558,283321000000.0,2633063000000.0
United Arab Emirates,2030,11883689,AE,23.42408,53.84782,736811000000.0,6990436000000.0
United Kingdom,2030,71176648,GB,55.37805,-3.43597,4955988000000.0,47946865000000.0
United States,2030,349445856,US,37.09024,-95.71289,37153089000000.0,372518938000000.0
Uruguay,2030,3372887,UY,-32.52278,-55.76584,106344000000.0,1030856000000.0
Zambia,2030,25024901,ZM,-13.1339,27.84933,50669000000.0,417660000000.0
Zimbabwe,2030,18610349,ZW,-19.01544,29.15486,45384000000.0,478978000000.0
